name,artist,release_year,id,genre
Die With A Smile,"Lady Gaga, Bruno Mars",2024,2plbrEY59IikOBgBGLjaoe,"gaming, pop"
APT.,"ROS√â, Bruno Mars",2024,5vNRhkKd0yEAg8suGBpjeY,pop
BIRDS OF A FEATHER,Billie Eilish,2024,6dOtVTDdiauQNBQEDOtlAB,"gaming, pop"
"Good Luck, Babe!",Chappell Roan,2024,0WbMK4wrZ1wFSty9F7FCgu,"gaming, pop"
Si Antes Te Hubiera Conocido,KAROL G,2024,6WatFBLVB0x077xWeoVc2k,"latin, pop"
That's So True,Gracie Abrams,2024,7ne4VBA60CxGM75vw0EYad,pop
Tu Boda,"Oscar Maydon, Fuerza Regida",2024,1cOboCuWYI2osTOfolMRS6,"latin, pop"
WILDFLOWER,Billie Eilish,2024,3QaPy1KgI7nu9FJEQUgn6h,pop
Timeless (with Playboi Carti),"The Weeknd, Playboi Carti",2024,1Es7AUAhQvapIcoh3qMKDL,"hip-hop, pop"
Who,Jimin,2024,7tI8dRuH2Yc6RuoTjxo4dU,pop
Bed Chem,Sabrina Carpenter,2024,1UHS8Rf6h5Ar3CDWRd3wjF,pop
"I Love You, I'm Sorry",Gracie Abrams,2024,51rfRCiUSvxXlCSCfIztBy,pop
Espresso,Sabrina Carpenter,2024,2qSkIjg1o9h3YT9RAgYN75,"gaming, pop"
EL LOKERON,Tito Double P,2024,6X6m4xmdFcz31p1h7Qg68c,"latin, pop"
Mantra,JENNIE,2024,2CspwnypzT7rcWI9RfsoSb,pop
Q U E V A S H A C E R H O Y ?,"Omar Courtz, De La Rose",2024,0Sr7ssScx54yxdM2ols7nW,"latin, pop"
DOS D√çAS,"Tito Double P, Peso Pluma",2024,5lKFO0PrOC9jmOlPEdjHsL,"latin, pop"
Diet Pepsi,Addison Rae,2024,6MzofobZt2dm0Kf1hTThFz,pop
NEL,Fuerza Regida,2024,5AH31dDNgxCMGDdxubNNn4,latin
Not Like Us,Kendrick Lamar,2024,6AI3ezQ4o3HUoP6Dhudph3,"gaming, hip-hop, pop"
Stargazing,Myles Smith,2024,3Vr3zh0r7ALn8VLqCiRR10,"gaming, pop"
"Sticky (feat. GloRilla, Sexyy Red & Lil Wayne)","Tyler, The Creator, GloRilla, Sexyy Red, Lil Wayne",2024,3tFed7YsjGnIfxeLEQwx3R,"hip-hop, pop"
Please Please Please,Sabrina Carpenter,2024,5N3hjp1WNayUPZrA8kJmJP,"gaming, pop"
"Darling, I (feat. Teezo Touchdown)","Tyler, The Creator, Teezo Touchdown",2024,0VaeksJaXy5R1nvcTMh3Xk,hip-hop
Embrace It,Ndotz,2024,0io16MKpbeDIdYzmGpQaES,pop
Gata Only,"FloyyMenor, Cris Mj",2024,6XjDF6nds4DE2BBbagZol6,latin
Juno,Sabrina Carpenter,2024,21B4gaTWnTkuSh77iWEXdS,pop
Like Him (feat. Lola Young),"Tyler, The Creator, Lola Young",2024,6jbYpRPTEFl1HFKHk1IC0m,pop
Rah Tah Tah,"Tyler, The Creator",2024,5RePVWy39tLpHH0WwXgBsK,hip-hop
Slow It Down,Benson Boone,2024,51eSHglvG1RJXtL3qI5trr,gaming
Taste,Sabrina Carpenter,2024,1d7Ptw3qYcfpdLNL5REhtJ,pop
Beautiful Things,Benson Boone,2024,6tNQ70jh4OwmPGpYy6R2o9,"gaming, pop"
Despu√©s De La 1,"Cris Mj, FloyyMenor, LOUKI",2024,6PhRhocBXP4y7NpciGmzra,latin
Disease,Lady Gaga,2024,19KlZwqlT3fguP2BeHF1Q1,pop
Love Somebody,Morgan Wallen,2024,7hR22TOX3RorxJPcsz5Wbo,pop
Soltera,Shakira,2024,3OJDtCdYs8QJnui708tEU3,latin
UWAIE,Kapo,2024,5QjmUqgpPQgXgg4606DqZF,latin
Sailor Song,Gigi Perez,2024,0UYnhUfnUj5adChuAXvLUB,"folk, pop"
A Bar Song (Tipsy),Shaboozey,2024,2FQrifJ1N335Ljm3TjTVVf,"gaming, pop"
AY MAM√Å,"Tito Double P, Grupo Frontera",2024,2lAUq68F2bt7Kc218n9FPp,latin
Big Dawgs,"Hanumankind, Kalmi",2024,0OA00aPt3BV10qeMIs3meW,"gaming, hip-hop"
Guess featuring billie eilish,"Charli xcx, Billie Eilish",2024,3WOhcATHxK2SLNeP5W3v1v,"gaming, pop"
NEW DROP,Don Toliver,2024,2c7z5oRcPBbqRaBY2mLWcf,"hip-hop, pop"
New Woman (feat. ROSAL√çA),"LISA, ROSAL√çA",2024,7ov3TDp5D00Rnu5R1viX4w,gaming
Rey Sin Reina,Juli√≥n √Ålvarez y su Norte√±o Banda,2024,0BiDnJFB3TlRB6aji7jUz3,latin
SI NO ES CONTIGO,Cris Mj,2024,5Uptvz6j1sjDKxidAcnH2L,latin
Thought I Was Dead (feat. ScHoolboy Q & Santigold),"Tyler, The Creator, ScHoolboy Q, Santigold",2024,2aYHxnMF2umAavtgBvmkY1,hip-hop
Touch,KATSEYE,2024,6aJn7Cst74cj4lNIiPRgav,pop
57,"KAROL G, Feid, DFZM, Ovy On The Drums, J Balvin, Maluma, Ryan Castro, Blessd",2024,3mg9jYNC1NihbthlglzrWP,"latin, pop"
Fortnight (feat. Post Malone),"Taylor Swift, Post Malone",2024,2OzhQlSqBEmt7hmkYxfT6m,pop
I Had Some Help (Feat. Morgan Wallen),"Post Malone, Morgan Wallen",2024,7221xIgOnuakPdLqT0F3nP,"gaming, pop"
KEEP UP,Odetari,2024,2yR2sziCF4WEs3klW1F38d,gaming
No One Noticed,The Mar√≠as,2024,3siwsiaEoU4Kuuc9WKMUy5,pop
SE ME OLVIDA,"Maisak, Feid",2024,2gmd7lY3QSzLh0xIY4cRvi,latin
Scared To Start,Michael Marcagi,2024,3Pbp7cUCx4d3OAkZSCoNvn,folk
The Emptiness Machine,Linkin Park,2024,2PnlsTsOTLE5jnBnNe2K0A,"pop, rock"
Type Shit,"Future, Metro Boomin, Travis Scott, Playboi Carti",2024,28drn6tQo95MRvO0jQEo5C,"arabic, gaming, hip-hop"
i like the way you kiss me,Artemas,2024,2GxrNKugF82CnoRFbQfzPf,gaming
one of wun,Gunna,2024,4Na2HfNSr58chvfX69fy36,gaming
Apple,Charli xcx,2024,19RybK6XDbAVpcdxSbZL1o,gaming
Black Friday (pretty like the sun),"Lost Frequencies, Tom Odell",2024,4MSj19TwYBLgDFj3ddEeco,"electronic, gaming"
I Adore You (feat. Daecolm),"HUGEL, Topic, Arash, Daecolm",2024,5nPbKG04fhLkIAjcPFaZq7,"electronic, gaming"
I Can Do It With a Broken Heart,Taylor Swift,2024,4q5YezDOIPcoLr8R81x9qy,gaming
Like That,"Future, Metro Boomin, Kendrick Lamar",2024,2tudvzsrR56uom6smgOcSf,"gaming, hip-hop"
Mejores Jordans,"Victor Mendivil, Oscar Maydon",2024,1cZHUhGz7xJ8c4szDipipd,latin
Rockstar,LISA,2024,6vvPecFTmWxDfEJ6cYT1wa,k-pop
we can't be friends (wait for your love),Ariana Grande,2024,46kspZSY3aKmwQe7O77fCC,"gaming, pop"
Belong Together,Mark Ambor,2024,5uQ7de4EWjb3rkcFxyEOpu,"gaming, pop"
Hecha Pa' M√≠,Grupo Frontera,2024,1uGUbgZuO1kD1JZ0UeFupN,latin
Moonlit Floor (Kiss Me),LISA,2024,5G345YEhvleYxQLfYUlEFv,pop
Nueva Era,"Duki, Myke Towers",2024,03IpZ9yqJlo3EIgDQUgBSF,latin
PELIGROSA,FloyyMenor,2024,5PCGEfALcpGtURIuTqvX0R,latin
Qu√© Pasar√≠a...,"Rauw Alejandro, Bad Bunny",2024,0l0vcZMU7AOeQmUIREoI2U,"latin, pop"
Soltera - W Sound 01,"W Sound, Blessd, Ovy On The Drums",2024,13BDiikG6y5o5cQTK0HpW6,latin
on one tonight,Gunna,2024,6EUcP55GlbmsmCzfL2vxtZ,gaming
DEGENERE üëë (feat. benny blanco),"Myke Towers, benny blanco",2024,0qeIFEGRQqHoaJtLCl0U73,"latin, pop"
360,Charli xcx,2024,4w2GLmK2wnioVnb5CPQeex,gaming
ALL RED,Playboi Carti,2024,2cZOYofOX4d6g0OXxkaIjA,hip-hop
Addicted,"Zerb, The Chainsmokers, Ink",2024,5ZUIPLoTLJZrPQh2kFZEUM,gaming
BAND4BAND (feat. Lil Baby),"Central Cee, Lil Baby",2024,7iabz12vAuVQYyekFIWJxD,"arabic, gaming, hip-hop"
Houdini,Eminem,2024,2HYFX63wP3otVIvopRS99Z,gaming
Miles On It,"Marshmello, Kane Brown",2024,4pkb8SbRGeHAvdb87v9rpf,gaming
No Son Doritos,"Clave Especial, Luis R Conriquez",2024,2ss1LK5Kfnjo5EUaCbsgZM,latin
redrum,21 Savage,2024,52eIcoLUM25zbQupAZYoFh,gaming
Bling-Bang-Bang-Born,Creepy Nuts,2024,0kdqcbwei4MDWFEX5f33yG,j-pop
IA,"Clarent, Mora",2024,7lcbpfihslisNObKdHjyLo,latin
KINTSUGI,HUMBE,2024,1qbql17v0Hazo94o5RUyWQ,latin
Move,"Adam Port, Stryv, Keinemusik, Orso, Malachiii",2024,1BJJbSX6muJVF2AK7uH1x4,"electronic, gaming, pop"
SLAY!,Eternxlkz,2024,67smGwuPEtA6GAfeweAVNO,gaming
misses,Dominic Fike,2024,6WTFHKrnZpwEBLRS10Ylqs,rock
Too Sweet,Hozier,2024,4IadxL6BUymXlh8RCJJu7T,"gaming, pop, rock"
2 hands,Tate McRae,2024,1f18HzFpegqvH4ibGJyeMJ,pop
Circadian Rhythm,Drake,2024,1eroCliWpJrEu1V7VSObcO,hip-hop
En Otra Vida,"Yami Safdie, Lasso",2024,0EhmTBq33eARyOz3SIi4P2,latin
Frente al Mar,Be√©le,2024,60u6hcpH5Qm1M3xESdNBrB,latin
I Only Smoke When I Drink,nimino,2024,39glDGcpBhLVMSsQhvtqHR,electronic
Morena Canela,Chino Pacas,2024,0NsGFMIo2aNbAkJu48ndaf,latin
Santa,"Rvssian, Rauw Alejandro, Ayra Starr",2024,5bi0gh89wRuH2OgjdAKFsb,latin
Somedays,"Sonny Fodera, Jazzy, D.O.D",2024,3wo3d0I5H8KjkwGvnz8WbB,gaming
Two Faced,Linkin Park,2024,6i5qhmmF9UNUBRyrPSGn4m,rock
i am not who i was,Chance Pe√±a,2024,70eyG7pqKozUvKPKXLXmpI,folk
DEVIL IS A LIE,Tommy Richman,2024,6jlG8gBPNAgBgoivw2Ig09,gaming
Ela Joga na Hora,"Mc Pogba, DJ Guih Da ZO",2024,6hZGsChumRhWG24OEh698c,brazilian
Feel It - From The Original Series ‚ÄúInvincible‚Äù,d4vd,2024,3SAga35lAPYdjj3qyfEsCF,"gaming, rock"
Heavy Is the Crown,Linkin Park,2024,2HBBM75Xv3o2Mqdyh1NcM0,pop
How Sweet,NewJeans,2024,38tXZcL1gZRfbqfOG0VMTH,k-pop
Kh√©?,"Rauw Alejandro, Romeo Santos",2024,1YYfyJ2yCvGFCxwjsIqEK9,"latin, pop"
No Face,Drake,2024,1560osUcXrnov6yuOjXvc1,hip-hop
PUSH 2 START,Tyla,2024,1Cbl3Yq8rHo7hhDQmLQagU,afrobeats
Running Wild,Jin,2024,4p7DTkyrKqT98xlIwYYfXz,pop
SHEESH,BABYMONSTER,2024,1njlnn8ZKHI77Pe9szIONR,k-pop
SPOT!,"ZICO, JENNIE",2024,1SS0WlKhJewviwEDZ6dWj0,k-pop
THE BOX MEDLEY FUNK 2,"THE BOX, Mc Brinquedo, MC Cebezinho, MC Tuto, Mc Laranjinha, DJ Oreia",2024,7IFsTX5H1sWcEl8joV0IdD,brazilian
WHATCHU KNO ABOUT ME (feat. Sexyy Red),"GloRilla, Sexyy Red",2024,5xeSd4HgzrYpNLEf3LfYLK,hip-hop
Whatever She Wants,Bryson Tiller,2024,57wp7VFnV8X0pSVnYArGeJ,gaming
euphoria,Kendrick Lamar,2024,77DRzu7ERs0TX3roZcre7Q,gaming
ADIVINO,"Myke Towers, Bad Bunny",2024,0LZy30mVmxqUpdQmaXKXBd,latin
BACKBONE,"Chase & Status, Stormzy",2024,3HrHhTWonBqF4mDasi8xvC,gaming
FUNKED UP - SLOWED,"xxanteria, isq",2024,4VL5XwfATZuAVTW471Wpro,gaming
Forever Young,"David Guetta, Alphaville, Ava Max",2024,3bg2qahpZmsg5wV2EMPXIk,electronic
It's Not Right But It's Okay,Mr. Belt & Wezol,2024,5OFVzqSeFxGpvDGyHvVeLj,electronic
LIL DEMON,Future,2024,3aCPResPDNae3pXTocGpYe,hip-hop
MTG QUEM N√ÉO QUER SOU EU,"DJ TOPO, Seu Jorge, Mc Leozin, MC G15",2024,6RjSXi9cPGroetXeNsWFGL,brazilian
NO PIERDO LA VIDA,"Calle 24, Chuyin",2024,44zZM2dn9AcOUt5XKUMNJ3,latin
Never Going Home Tonight (feat. Madison Love),"David Guetta, Alesso, Madison Love",2024,7K1BLb6MpvKuGEPpHw35mO,electronic
Or What,"NLE Choppa, 41, Kyle Richh",2024,3lUYO6zvXI88sNDpyKvIJ2,hip-hop
Piece of My Heart (feat. Brent Faiyaz),"Wizkid, Brent Faiyaz",2024,2nYeyMeqYDiFSYYtl2BWD6,"afrobeats, ambient, arabic"
Somebody (2024),"Gotye, FISHER, Chris Lake, Kimbra, Sante Sansone",2024,0agQ9vIV7NP4dntGKLcCXO,gaming
noviogangsta <3,Emilia,2024,7yrTny7FLWLbfIzsxoicWj,latin
„É©„Ç§„É©„ÉÉ„ÇØ,Mrs. GREEN APPLE,2024,78W4mTLIh4qoLu92W4IQhO,j-pop
25,Rod Wave,2024,0U60hgxzGit7juEuHul2y3,hip-hop
APAGA EL CEL,"FloyyMenor, Lewis Somes",2024,0ZS96pPRLyGUViVi5PWCAR,latin
Awuke,"Davido, YG Marley",2024,6e0YUaVAfDxUabmybOjguy,afrobeats
CUTE DEPRESSED,Dyan Dxddy,2024,06PqeO7IInus2yvzsZwZhf,gaming
Chill Bae,Lil Uzi Vert,2024,4ppKM7xnkSAwSyKqD4QTY4,hip-hop
DURO,Quevedo,2024,1kyLInQ2qgYbK4wZxllfV2,latin
HIM ALL ALONG,Gunna,2024,2EKL77lwxvo615Ga7VjEUl,hip-hop
Harpy Hare,Yaelokre,2024,35I2E525yJpUQ5ZJgfxizT,folk
Imag√≠nate,"Danny Ocean, Kapo",2024,4zbEItKoaRId1vRZkoO0Uh,latin
It's Up (feat. Young Thug & 21 Savage),"Drake, Young Thug, 21 Savage",2024,1qIwin7JMVuX70qN6wD8ww,hip-hop
TU TA RICA,"FloyyMenor, Lewis Somes",2024,27bcRgu0wnDteieWlLCxc8,latin
Whatever,"Kygo, Ava Max",2024,0LMwmV37RCmBO2so0szAFs,"electronic, gaming"
BBY BOO - REMIX,"iZaak, JHAYCO, Anuel AA",2024,43PiEypaceH339CSNiggyj,latin
Cholo 7,"Fuerza Regida, Luis R Conriquez",2024,06ONHS2cu9I7fvzTz3NQvq,latin
EN MI MUNDO,"Jasiel Nu√±ez, Peso Pluma",2024,0lQogzZgV4XwuUTasz3nPL,latin
Ese Vato No Te Queda,"Carin Leon, Gabito Ballesteros",2024,4Ndjd6DhKIC5IPoBIrMQuX,latin
Ge√ßiyor Zaman,Semicenk,2024,3ma4Ef3Bnl3UBOV4ShiMLX,turkish
Imagina esse Cen√°rio,"Matu√™, Veigh",2024,2fjqfFUq64thFsqfKN01kS,hip-hop
Kese (Dance),Wizkid,2024,27durTCg4qj3qAbKsSVNX4,"afrobeats, arabic"
LIKE THAT,BABYMONSTER,2024,7GDgpad2BQVuDUzaxHFakc,k-pop
Onlar Anlamaz Halden,Semicenk,2024,38d47UiHhyu4wdbPYz0ZUB,turkish
Winning Speech,"Karan Aujla, Mxrci",2024,3FqtduiaqnFYvBgKuc6QWQ,hip-hop
Yamore,"MoBlack, Salif Keita, Benja (NL), Franc Fala, Ces√°ria Evora",2024,480j122Gpi252OIfy4SNzm,electronic
Alibi (feat. Rudimental),"Ella Henderson, Rudimental",2024,5Jpz4nv8nA6FIYO5gEyQa2,electronic
Armageddon,aespa,2024,5eWcGfUCrVFMoYskyfkEPE,k-pop
Heart Of A Woman,Summer Walker,2024,2oVVaVY0LkzwAYYcyzon6Z,r&b
Imagine,Carbonne,2024,6IcsbETuviVu6UTiBTcxY4,electronic
Russian Bandana,Dhanda Nyoliwala,2024,1dFrZr9eMUsFqeag04ClqD,hip-hop
SEXO ES LA MODA,"Maria Becerra, Yandel",2024,4U80gkwi6Qk0fBRcDuzn3E,latin
SPIDER,"GIMS, DYSTINCT",2024,2fFTn0f94EopgZyfSGQuyK,hip-hop
Supernova Love,"IVE, David Guetta",2024,5sTLGx6c7YRwnrWm6O091n,electronic
TEFLON DON,Future,2024,2jnezASa7o0lP6aif6VrIf,hip-hop
TOO COOL TO BE CARELESS,PAWSA,2024,6KqM3xmPIDonsTjCSGrrr5,gaming
Tailor Swif,A$AP Rocky,2024,5xMjhZKSo8yh5r9b5vrYRr,"gaming, hip-hop"
√ñn√ºm√ºz Yaz,Simge,2024,28Aau4tlztDlgKJQXrWhZR,turkish
1993,Matu√™,2024,6QsHhB0W9GtLF3cI7mUVkQ,hip-hop
ABCD,NAYEON,2024,0V2passWyAXnON67kfAj7y,k-pop
Bandana,Shubh,2024,7KQdgW7QzNd9oPoCzjCU76,hip-hop
Both Ways,Juice WRLD,2024,2FRc9wqgIjg2E3bH13ww6U,hip-hop
Breathe,Yeat,2024,5NAOhPAZ57eFAXr3qatS6i,gaming
Brindis,"Duki, Headie One",2024,1Bb422wJR14f7sA77gGs0V,hip-hop
CANZONE D'ODIO (feat. Lil Baby),"Lazza, Lil Baby",2024,4CNfC20TImtjdwN3dG0uCF,hip-hop
Gata Only (Remix),"FloyyMenor, Ozuna, Anitta",2024,0JGTfiC4Z41GEEpMYLbWwO,latin
Help Me,Real Boston Richey,2024,487JCvAXVblflZyDJn3fSp,hip-hop
Her,The American Dawn,2024,2vlkTkPqdATznKHu9gD2c1,rock
I CAN‚ÄôT LET GO,"Lil Tecca, Don Toliver",2024,1Ftb0PK0Qqwax3gofiMd2X,hip-hop
JACKPOT,"Belinda, Kenia OS",2024,23W44WWCP8SibyP292TWo5,latin
Light Year (Practice),Lil Uzi Vert,2024,3NE6g9h77FZbQqCLzUpGRt,hip-hop
PLUTOSKI,Future,2024,2t4H61OtTYgmDe61KxkjKH,hip-hop
Siento que merezco m√°s,LATIN MAFIA,2024,4Z6pPinNzkGtbgAlE88263,latin
n√©e-nah,"21 Savage, Travis Scott, Metro Boomin",2024,2yUzr8Sr6ldG8vmHhZwTnz,"gaming, hip-hop"
„Ç´„Éº„ÉÜ„É≥„Ç≥„Éº„É´,Yuuri,2024,1nysdCpKAh6yif4JkmoiNy,j-pop
A Cold Sunday,Lil Yachty,2024,1Y1jtaZOJYgXBl7lKdLc9o,hip-hop
Around The World,"Niklas Dee, Ren√© Miller",2024,47KhhDku9RLDsWIJjYaXDs,electronic
DEPORTIVO,"Blessd, Anuel AA",2024,0fKK51bU6lcCCwdNnv64t3,latin
FIELD TRIP,"¬•$, Playboi Carti, Don Toliver, Kodak Black",2024,3lCb7ZYE3Fvie4JOPqpXfY,hip-hop
Ferxxoko,"Joyce Santana, Feid",2024,12VjaTNEaCfDlvW1XPZTQ9,latin
GEEK TIM√ã,Yeat,2024,32ioWMgkyA6mFcXJMggBoz,hip-hop
Gang Baby,NLE Choppa,2024,76Ku9OBFK1NjMylR8r4WLK,hip-hop
K.O.,"LAVINIA, Ely Oaks",2024,7r2cCbhAbGUE4Izor1ZnlZ,electronic
Kamikaze (feat. Victor Mendivil),"Natanael Cano, Uriel Gaxiola, Ganggy, Victor Mendivil",2024,6fKvGaO8Dfntvx4thaXtak,latin
King Shit,Shubh,2024,1BpvuKIG7jK5EiTp2tv5z8,hip-hop
K√ºle D√∂nm√º≈üs√ºn,"Semicenk, Doƒüu Swag",2024,2CZzw0He9fzyi2FkBkn4Bk,turkish
MMS,"Asake, Wizkid",2024,13VXuHw3O8Yt7VwRIDqSo4,"afrobeats, ambient, arabic"
NISSAN ALTIMA,Doechii,2024,2dKkVF2m160z0RNDN2dddc,hip-hop
S P E Y S I D E,Bon Iver,2024,6khKJVbTxzfhbGfHMtyOM8,folk
SE TE NOTA (feat. Peso Pluma),"Myke Towers, Peso Pluma",2024,1iIrqtbY2aogEHhQkmrV7w,latin
Small girl (feat. D.O.),"Lee Young Ji, D.O.",2024,1AtFSBJibfaqfiOByQCwZ5,k-pop
Supernova,aespa,2024,2VdSktBqFfkW7y6q5Ik4Z4,k-pop
Touches,Somnum Magnam,2024,6KzdWw8Hi1bz1lVw2AXDzb,ambient
WHINE IN BRAZIL FUNK,Ichiss,2024,1Xvs6IKi0O1PWYzzIwxR2Q,brazilian
Wake Up & Bake Up,"Duki, Wiz Khalifa, Arc√°ngel",2024,7MBHncxZXB7fzf5cAx8C05,hip-hop
Awolowo,Fido,2024,1136eJrkWsDvReASbjLTaU,ambient
Black Friday,Tom Odell,2024,0uvagCBJC0ClsR11W10T0Y,ambient
Fi Kan We Kan,"Bnxn, Rema",2024,771KDfpsOtJPQmocQpMdkR,"afrobeats, arabic"
Forever (feat. Malou & Yuna),"HUGEL, Diplo, Malou, Yuna",2024,0WS1qLcXKsCGt5e3dqq30S,electronic
Good To Be,Mark Ambor,2024,2tnSBYJyGGYD0Gbn07tTHZ,folk
JUJU (feat. Shallipopi),"Smur Lee, ODUMODUBLVCK, Shallipopi",2024,6XBIOtdSL47qn201KKNCA0,"afrobeats, arabic"
Leave Me Alone,BigXthaPlug,2024,4CkbpelT92r4dVkceDX9g1,hip-hop
Never Walk Alone,"BLOND:ISH, Stevie Appleton",2024,4HB7ECLzrbgapiZyLlFbxz,electronic
Old Money,AP Dhillon,2024,4WLDaQ8AgSwUgFoPzJkAYK,hip-hop
PONA NINI,"Tiakola, Genezio, Prototype",2024,6JCjcuo4VKAP4bHhbHj6fe,electronic
Que Se Cuide,"Luis R Conriquez, Joel De La P, Chimbala",2024,22jhscHs2DoVqKG5vKJytQ,latin
Un D√≠a M√°s,"Duki, YSY A",2024,2m3v40xGeLVqnQvAwx5rdi,hip-hop
Bolide Noir,"Central Cee, JRK 19",2024,14DLZ9FaTofhnXBiV38axE,hip-hop
Brokey,Latto,2024,1JF8LkQWZ8grXb2emqrNKn,hip-hop
Castlevania,Matu√™,2024,3Kh5a6vXMiJtC35jMEfmyy,hip-hop
Down With Me,Lil Tecca,2024,00n83h3zn2IrySO4Q4aTrG,hip-hop
For Life (feat. Nile Rodgers),"Kygo, Zak Abel, Nile Rodgers",2024,4QfikoJtCEiOj7G5R9m3sP,electronic
Insecurities,Lil Baby,2024,6afQ4fJDJ9QqU5BKIH99Ej,hip-hop
Kader Saƒü Olsun,Semicenk,2024,2crO2eSwgjOoAanagD2sFc,turkish
MANON B,"Tiakola, Ryflo, Oskoow",2024,6C0SXfD7rR46MpWK5VJSEw,electronic
MVP,Shubh,2024,5BQePe9rcCJozHK3oPayYk,hip-hop
Problemas de um Milion√°rio,"WIU, Teto",2024,0VybBobSYSzliyEJ1VqwGR,hip-hop
Sideways,"Gordo, Drake",2024,02YMpD1xbZZzpZbuZNvmD7,electronic
Sifar Safar,Karan Aujla,2024,3lQPwCmD918SyoiIkw1zqx,hip-hop
Sorry Not Sorry,"Lil Yachty, Veeze",2024,4lwfqyQXSDJ7kELpMErMih,hip-hop
Stronger,Young Jonn,2024,4KZMoDuxwSYP63bhbnMqe3,"afrobeats, arabic"
Sudden Shower,ECLIPSE,2024,1OhIn0L6iofnk5bjalWfHq,korean
WHATCHU KNO ABOUT ME (with Sexyy Red),"GloRilla, Sexyy Red",2024,4VI2Y5xg4gYynQqNQNQbTN,pop
Êô¥„Çã,„É®„É´„Ç∑„Ç´,2024,5eY7692tmgHB9dbmq6wa2M,j-pop
2 Slippery (feat. BossMan Dlow),"Luh Tyler, BossMan Dlow",2024,62oLxos6R04SVYL1lXidvu,hip-hop
2AM,BigXthaPlug,2024,26TX1oZbaDeKxfTYDclSAo,hip-hop
Are you there?,Ayo Maff,2024,10y7iW3rc8bzGbhAC3mNPA,"afrobeats, ambient"
Barcelona,"Alan Walker, Ina Wroldsen",2024,2GE3k8I0Sbh0puCjI15KGy,pop
Beaches,beabadoobee,2024,1a19jsjG2DvbN1fVJonKUU,rock
Blow for Blow (feat. J. Cole),"Tee Grizzley, J. Cole",2024,3rXlcLZk3MCaRPND5g9QiW,hip-hop
Born To Love Ya,"Gabry Ponte, Sean Paul, NATTI NATASHA",2024,5Nwh8kghoqebxmco5ZWbDt,electronic
Boyfriend,YEONJUN,2024,7dk7jxKBun1JQ2pPPBxDYl,korean
Famax - Edit,RAFFA GUIDO,2024,1P9ZF3ZxRWNTDgJkZOgkI9,electronic
Guay,"Ozuna, Bad Gyal",2024,1S3SAFqLBWk3HaR5UyXp43,latin
Lan,Zeynep Bastƒ±k,2024,1whKKdtCiFjN7MW7DrIRUH,turkish
Love You With All My Heart,Crush,2024,0UaaFmF3xUwMjnuAHBq7qL,korean
My Love (2024),"Alex Wann, Route 94, Jess Glynne",2024,2nljjiWhzVIugb5vgEMQQk,electronic
Nobody - from Kaiju No. 8,OneRepublic,2024,47N81NMkB488fuOwOC3Oip,j-pop
Smoothie,NCT DREAM,2024,5qrFeNSIrwIc0B6Elp16Dl,k-pop
Starburster,Fontaines D.C.,2024,09ttHg3ZNVgDlYBZa1ZBw0,rock
THINGS BEHIND THINGS BEHIND THINGS,Bon Iver,2024,2kyL1eP0mluFHYlAwKySzj,folk
Tantalizing,"Ti√´sto, Soaky Siren",2024,799db91cR00On6N158VLHS,electronic
Te Maceto Depois Do Baile,"DJ Zig√£o, DJ Lafon Do Md, Mc Rodrigo do CN, Mc Rf",2024,448158cOtdLyR59DJnzpON,brazilian
Tessera sanitaria (feat. Nerissima Serpe & Papa V),"Night Skinny, Nerissima Serpe, Papa V",2024,5JgTIfS7FfSE9tuebzX8HC,hip-hop
The Mountain Is You,Chance Pe√±a,2024,3UN5BBwxoHbwFGxWNvaEj7,folk
World Gone Wild (feat. Sam Martin),"Robin Schulz, CYRIL, Sam Martin",2024,4arNFfHtD5FPYcpUUiUOM1,electronic
2 Times,"Dimitri Vegas, Steve Aoki, Ann Lee, Sound Of Legend",2024,03xIKiQXopptD4Sv8ijvcG,electronic
Abyss - from Kaiju No. 8,YUNGBLUD,2024,2kLWSmKHhfUBepkIA9oNe5,j-pop
Active,"Asake, Travis Scott",2024,1qxKva4IzWde7m2jLpZvDU,arabic
Como Pacman,"Alem√°n, Gera MX",2024,2TV1EuYnG5XqEyQSd1EB9X,latin
Conceited,Lil Uzi Vert,2024,1gUUuh7FQ3mr7nEq0SRvGX,hip-hop
Constantly,"Hyce, BoyPee, Brown Joel",2024,3MldGIMtPcupNBI4Dnxolr,afrobeats
Dealer,"Ayo Maff, Fireboy DML",2024,5Wxkvvb6pLky16pwq4gBI3,"afrobeats, ambient, arabic"
Deep In Your Love,"Alok, Bebe Rexha",2024,0sftzYE0YgPHXrvJyUyGjB,electronic
Favourite Girl (with Rema),"Darkoo, Rema",2024,2irQkcW7o3v0tZoGZrtUsO,afrobeats
Happier (feat. Clementine Douglas),"The Blessed Madonna, Clementine Douglas",2024,1TcF5F10EN17vraisG1gQv,electronic
Hm Hm hm,Youka,2024,1FEh2VLXCzHr4DhMLufrs5,afrobeats
Hold On Me,"Kygo, Sandro Cavazza",2024,4aPX3IT9cskOWmeZvOYc5s,electronic
Honey Boy (feat. Nile Rodgers & Shenseea),"Purple Disco Machine, Benjamin Ingrosso, Nile Rodgers, Shenseea",2024,1NpIUD4KqHaMT91kw0YV40,electronic
Kafamƒ±n ƒ∞√ßi,"Ebru Ya≈üar, Siyam, Zeyd",2024,30kd9r9pbMn6bs6CKyFOCu,turkish
Knife Brows,Dhanda Nyoliwala,2024,5nIrIdLPPXeRMl8WXnnDv1,hip-hop
Love Is The Only Thing,Lost Frequencies,2024,4r6c2ClnuYLwNv4lEM7XlW,electronic
OZEBA,Rema,2024,7ySC0IjVS1PMEdsZOvsUK2,"afrobeats, arabic"
ROCKMAN,Mk.gee,2024,63ABAnFKJCp28TAyqf2cGL,rock
The Largest,BigXthaPlug,2024,1F5Qp0SJS0QUfqIoQggrLz,hip-hop
The Viper,BabyChiefDoit,2024,2JapCT0xikq6Fy1PQiJz1C,hip-hop
alone - Remix,"FOLA, Bnxn",2024,2GSK9VfsKWpVOV6ZzKiMA4,"afrobeats, arabic"
„Çø„Ç§„É†„Éë„É©„Éâ„ÉÉ„ÇØ„Çπ,Vaundy,2024,3jNwPOqdPvQIr5dRT0hzgY,j-pop
"One Of The Girls (with JENNIE, Lily Rose Depp)","The Weeknd, JENNIE, Lily-Rose Depp",2023,7CyPwkp0oE8Ro9Dd5CUDjW,pop
FE!N (feat. Playboi Carti),"Travis Scott, Playboi Carti",2023,42VsgItocQwOQC3XWZ8JNA,"arabic, gaming"
HOT TO GO!,Chappell Roan,2023,4xdBrk0nFZaP54vvZj0yx7,"gaming, pop"
LUNA,"Feid, ATL Jacob",2023,7bywjHOc0wSjGGbj04XbVi,latin
My Love Mine All Mine,Mitski,2023,3vkCueOmm7xQDoJ17W1Pm3,ambient
NIGHTS LIKE THIS,The Kid LAROI,2023,1XBYiRV30ykHw5f4wm6qEn,pop
Lose Control,Teddy Swims,2023,17phhZDn6oGtzMe56NuWvj,"gaming, pop, soul"
I Smoked Away My Brain (I'm God x Demons Mashup) (feat. Imogen Heap & Clams Casino),"A$AP Rocky, Imogen Heap, Clams Casino",2023,3ZaEs1O8BG581qYPHpQ8d6,hip-hop
PERRO NEGRO,"Bad Bunny, Feid",2023,7iQXYTyuG13aoeHxGG28Nh,latin
PI√âNSALO,Junior H,2023,4ZOkfHC38nxSeSqzGE5HFr,latin
Stumblin' In,CYRIL,2023,0h3Xy4V4apMraB5NuM8U7Z,electronic
QLONA,"KAROL G, Peso Pluma",2023,5RqSsdzTNPX1uzkmlHCFvK,latin
Beanie,Chezile,2023,5e0b9LgOfi3aJSKXFcOWRe,pop
Fast Car,Luke Combs,2023,1Lo0QY9cvc8sUB2vnIOxDT,pop
LALA,Myke Towers,2023,7ABLbnD53cQK00mhcaOUVG,latin
MY EYES,Travis Scott,2023,4kjI1gwQZRKNDkw1nI475M,hip-hop
fukumean,Gunna,2023,4rXLjWdF2ZZpXCVTfWcshS,"arabic, gaming"
DILUVIO,Rauw Alejandro,2023,2kz1YOhJiNubjigR1gB1VX,latin
Lovin On Me,Jack Harlow,2023,4xhsWYTOGcal8zt0J161CU,gaming
Thank You (Not So Bad),"Dimitri Vegas & Like Mike, Ti√´sto, Dido, W&W, Dimitri Vegas, Like Mike",2023,09CnYHiZ5jGT1wr1TXJ9Zt,gaming
Where Are You Now,"Lost Frequencies, Calum Scott",2023,3mfER4ORePHvN35cbZ3dkV,gaming
Best Time,Brent Faiyaz,2023,1zgHn1EqUyA0HqNYMdJ5ia,r&b
Dance The Night - From Barbie The Album,Dua Lipa,2023,1vYXt7VSjH9JIM5oRRo7vA,pop
Back On 74,Jungle,2023,19kHhX6f6EfLU7rcO3RqjO,gaming
CLASSY 101,"Feid, Young Miko",2023,1hZsWUnLbqRw09jLAMQSsb,latin
La Bebe - Remix,"Yng Lvcas, Peso Pluma",2023,2UW7JaomAMuX9pZrjVpHAU,latin
Sprinter,"Dave, Central Cee",2023,2FDTHlrBguDzQkp7PVj16Q,"ambient, gaming"
You & Me - Rivo Remix,"Disclosure, Eliza Doolittle, Rivo",2023,0xoYZ45fgTfyQYREZPN7Sa,"electronic, gaming"
500lbs,Lil Tecca,2023,6rjuKpPydT2SxN15TZpV7r,hip-hop
Drama,aespa,2023,5XWlyfo0kZ8LF7VSyfS4Ew,k-pop
Lil Boo Thang,Paul Russell,2023,0cVyQfDyRnMJ0V3rjjdlU3,pop
Margaret (feat. Bleachers),"Lana Del Rey, Bleachers",2023,1o82DwNisONAd2mu1RcGE6,ambient
Wasted Summers,juju<3,2023,43MifzVnh8W3jJN0xqU9jR,rock
Forever Yours,Brent Faiyaz,2023,2JqkpMe2eJToJNHEqkJeCu,r&b
MONACO,Bad Bunny,2023,4MjDJD8cW7iVeWInc2Bdyj,latin
MONTAGEM - PR FUNK,"S3BZS, Mc Gw, Mc Menor Do Alvorada",2023,6njJR3OIp3oA0Kc4aC9Tzf,"brazilian, gaming"
Montagem Mysterious Game,LXNGVX,2023,7vOmSP2647oNUGGEhWd1cr,gaming
Paint The Town Red,Doja Cat,2023,56y1jOTK0XSvJzVv9vHQBK,gaming
Push Up - Main Edit,Creeds,2023,3AjSfp5FDvwtMU9XBsbS8j,gaming
Strangers,Kenya Grace,2023,5mjYQaktjmjcMKcUIcqz4s,gaming
TUCA DONKA,"CURSEDEVIL, DJ FKU, Skorde",2023,7bxyNLXYaEYaZTxAuQTHlD,gaming
Agora Hills,Doja Cat,2023,5PyDJG7SQRgWXefgexqIge,gaming
IDGAF (feat. Yeat),"Drake, Yeat",2023,2YSzYUF3jWqb9YP9VXmpjE,gaming
Last Night,Morgan Wallen,2023,59uQI0PADDKeE6UZDTJEe8,pop
ONE CALL,Rich Amiri,2023,69phA1R4gmQsBFRQ3INW8C,gaming
Tip Toe,HYBS,2023,0MJ5wKsPEeihONNfugHGy7,pop
(It Goes Like) Nanana - Edit,Peggy Gou,2023,23RoR84KodL5HWvUTneQ1w,electronic
10:35,"Ti√´sto, Tate McRae",2023,36gcliMRX1vCpgnrZE3dFZ,gaming
BELLAKEO,"Peso Pluma, Anitta",2023,05WVKTdZhlIMX4qqMLuo0f,latin
BRODYAGA FUNK,Eternxlkz,2023,2V3hsJU3bTOATih0Fm4aDp,gaming
Boyz In Paris (with VINAI),"Marnik, Naeleck, VINAI",2023,17NHXI2CJp7KgdcwcDnRx4,gaming
Chemical,Post Malone,2023,5w40ZYhbBMAlHYNDaVJIUu,hip-hop
Cheques,Shubh,2023,4eBvRhTJ2AcxCsbfTUjoRp,hip-hop
ELOVRGA,"Alex Favela, Grupo Marca Registrada, Joaquin Medina",2023,2TJKY0WSFufZOzbRNgl6zE,latin
LOVELY BASTARDS,"ZWE1HVNDXR, yatashigang",2023,0EqczV3o6fwksegAavIHpX,gaming
One Love,Shubh,2023,5ZLkihi6DVsHwDL3B8ym1t,hip-hop
Tu hai kahan,AUR,2023,3zSSCPpLZ5Oc8nelhhGjKz,hip-hop
Upset (feat. Tommy Richman & FELIX!),"Brent Faiyaz, FELIX!, Tommy Richman",2023,5iwUwADk4uQUvgMF6PlTRl,r&b
Watch This - ARIZONATEARS Pluggnb Remix,"Lil Uzi Vert, sped up nightcore, ARIZONATEARS",2023,0FA4wrjDJvJTTU8AepZTup,gaming
lacy,Olivia Rodrigo,2023,6QT6j7rKt7Vk3IuV2AUO9W,ambient
un x100to,"Grupo Frontera, Bad Bunny",2023,6pD0ufEQq0xdHSsRbg9LBK,latin
Automotivo Bibi Fogosa,"Bibi Babydoll, Dj Brunin XM, KZA Produ√ß√µes",2023,2JIzOc3HHo4MhiyZzhpBUV,gaming
First Person Shooter (feat. J. Cole),"Drake, J. Cole",2023,7aqfrAY2p9BUSiupwk3svU,gaming
Mwaki,"Zerb, Sofiya Nzau",2023,5KTZgG84bKFGm53lhLtTqc,electronic
QUEMA,"Ryan Castro, Peso Pluma, SOG",2023,2hn2zOA2XFlv6DSmesylrL,latin
WHERE SHE GOES,Bad Bunny,2023,7ro0hRteUMfnOioTFI5TG1,latin
09:45,"Prabh Singh, Jay Trak, Rooh Sandhu",2023,6c4Po8zyQjB4cR5XgLhcGb,hip-hop
9mm,"Memphis Cult, Groove Dealers, SPLYXER",2023,3K5KXm1uZjiyQk0J7op1xf,gaming
Atmosphere,"FISHER, Kita Alexander",2023,63HwAAXuSV2tzIUPoHOwZa,gaming
Coco Chanel,"Eladio Carrion, Bad Bunny",2023,0PB0O24JqAuNdOAFVJljMS,latin
FINA,"Bad Bunny, Young Miko",2023,3nNmRE0DxHC6ZaKkrpUumS,latin
GODS,"League of Legends, NewJeans",2023,210JJAa9nJOgNa0YNrsT5g,gaming
GOOD LOYAL THOTS,Odetari,2023,06tNJ27nVxbDwhiQMChWyr,gaming
Let's Go,Key Glock,2023,5GCU2LJWPzoP8Q6nexs61z,gaming
My Home,Myles Smith,2023,4ZEw5uS9RY6M6lEjsu7w8Q,folk
Seya,"SativaMusic, Morad, GIMS",2023,5EVY9jwZDhgyLDyNGCGWYh,electronic
Vampire Empire,Big Thief,2023,0ToG55iJZCOzZkcpWbXxpW,rock
BRAZILIAN DAN√áA PHONK,"6YNTHMANE, RXDXVIL",2023,6yVjjQA31SLM1kc4j5jPwF,brazilian
Can‚Äôt Catch Me Now - from The Hunger Games: The Ballad of Songbirds & Snakes,Olivia Rodrigo,2023,17cia5k4BpGVlyEfqrFH50,ambient
Faz um Vuk Vuk (Teto Espelhado),"MC Kevin o Chris, Dj Nk Da Serra, Mc Magrinho",2023,64CovjRwInpOJW4PiGMprY,brazilian
Hold Me,Lavern,2023,4SnuG111QPmgwRmlwhJ4Mg,electronic
Idea 9,Gibran Alcocer,2023,3TdROUy5JZz1OcBKMZjeux,classical
Last Christmas - Single Version,Wham!,2023,06qMRF18gwbOYYbnP2du6i,pop
Not Strong Enough,"boygenius, Julien Baker, Phoebe Bridgers, Lucy Dacus",2023,09DR0sHnQUhHOiSNttc1mv,rock
Pa Ti Estoy,"Ozuna, Anuel AA, Chris Jedi",2023,3j5zNcb0aSk7dx3W3mAKzw,latin
"Soweto (with Don Toliver, Rema & Tempoe)","Victony, Rema, Tempoe, Don Toliver",2023,25Kyv5SeEenT0EETpP2hYn,ambient
„Ç¢„Ç§„Éâ„É´,YOASOBI,2023,7ovUcF5uHTBRzUpB6ZOmvt,j-pop
Casanova,"Soolking, Gazo",2023,30D9x5LFgL2o9xidjX2wtE,electronic
Good Love,"Hannah Laing, RoRo",2023,0ZVjgfaC2Ptrod9v6p9KFP,electronic
Lollipop,Darell,2023,3cDyocF0Ibdfs1SFQk5cLZ,latin
Louca Encubada,"Dj Samir, Rodricci, Launch13",2023,5pvVt1ak0vsGRE0Hl4kudu,brazilian
Petit g√©nie,"Jungeli, Imen Es, Alonzo, Abou Debeing, Lossa",2023,1eldTykrnkEBLX41bk5eMw,electronic
REINA,"Mora, SAIKO",2023,0QRHOAeU8JRaVVn3UoZBih,latin
Still Rollin,Shubh,2023,6oz1L5jcqZWYuId7nxvIan,hip-hop
T√° OK,"DENNIS, MC Kevin o Chris",2023,0fABszUFNbNq9IW503Gj8v,brazilian
Èùí„ÅÆ„Åô„Åø„Åã,Tatsuya Kitani,2023,12usPU2WnqgCHAW1EK2dfd,j-pop
Beso (Fruta Fresca),"Wakyin, Carlos Vives",2023,0r3nMF80NSIuPIxeod4aoG,electronic
HIBIKI,"Bad Bunny, Mora",2023,4qSEvFGCpde73gqIuq3sho,latin
Holy Ghost,Omah Lay,2023,0zVk3uuV9UhxAt48F3OL12,ambient
Let Me Go,Daniel Caesar,2023,3ym8ajVmKm6Fybgov3WBI5,soul
Lonely At The Top,Asake,2023,5ZtK8XAVnoaGdBXZWCEVCY,"ambient, arabic"
SAY MY GRACE (feat. Travis Scott),"Offset, Travis Scott",2023,2Gk6fi0dqt91NKvlzGsmm7,hip-hop
TUMB√ÅTUM,"Tropa do Bruxo, SMU, Dj Vitin do Pc, MC JF, MC NAHARA",2023,24R0oyjvhV4HIFFvoK3XkP,brazilian
adore u,"Fred again.., Obongjayar",2023,3YgtkOxZsTuaZdL8McA1FQ,electronic
stellar,".diedlonely, √©nouement",2023,2PpYJcgJN6PzozUv7rU669,electronic
All My Life (feat. J. Cole),"Lil Durk, J. Cole",2023,6HgWWaMu31KdOpEG5l28BG,hip-hop
Coraz√≥n Roto - Remix,"Brray, JHAYCO, Ryan Castro",2023,6k5wiT5l9DK8iZmhvEvoqo,latin
Embarrassed (feat. Travis Scott),"Don Toliver, Travis Scott",2023,6w9GrSUaQQIaMBYtabge7p,hip-hop
KANTE (feat. Fave),"Davido, FAVE",2023,7vKXc90NT5WBm3UTT4iTVG,latin
Makeba - Ian Asher Remix,"Jain, Ian Asher",2023,67eYAnkdTu8BMcIx29z26L,electronic
UK Rap,"Dave, Central Cee",2023,2VjOTvl50tscmc0RDjPdr2,hip-hop
UNAVAILABLE (feat. Musa Keys),"Davido, Musa Keys",2023,2kaH2Z8ezDUKf6fNw250rZ,latin
Whistle (feat. Calum Scott),"Jax Jones, Calum Scott",2023,4q05KbxYZ5JdkmrletgPjF,electronic
back to the moon,Gunna,2023,3OGCNLxpBmTYRxPZg2yDE5,arabic
8 ASLE,"Sukha, Chani Nattan, Prodgk, Gurlez Akhtar",2023,6wkHR8cU4INbp145hngbQO,hip-hop
BUBALU,"Feid, Rema",2023,36FTXlmbiV2diZdZukzLDm,latin
"Bent (with Kyle Richh, Jenn Carter & TaTa)","41, Kyle Richh, Jenn Carter, TaTa",2023,1haa8GXT0cl9wzRnpZG0YH,hip-hop
DAN√áA PRA ME PROVOCAR,"DJ JO√ÉO PEREIRA, MC Koringa",2023,6zdL0aLZs6g61SPGrlMvrM,brazilian
Deus Perdoa,"Filipe Ret, Dallass, Hunter",2023,4tuFNhM69UakXdPg4RrNvp,hip-hop
MAMI WATA,"Gazo, Tiakola",2023,6yqwxY8qifBBhyryjZutxk,hip-hop
Stand By Me (feat. Morgan Wallen),"Lil Durk, Morgan Wallen",2023,1fXnu2HzxbDtoyvFPWG3Bw,arabic
The Boy Is Mine,"James Mac, Vall, Rosalie",2023,1aRd5tMVhiRyMJLmSOg2IF,electronic
Turn out fine,Henrik,2023,4gdDN4A202OO2u7UDhoMjM,folk
We'll Never Have Sex,Leith Ross,2023,4Do3s3aivnqbUAvUEDEsAG,ambient
ÁµÜ„ÉéÂ•áË∑°,"MAN WITH A MISSION, milet",2023,2VBLFxCUyFp5BfmsZpxcis,j-pop
End of Beginning,Djo,2022,3qhlB30KknSejmIvZZLjOD,pop
Stick Season,Noah Kahan,2022,0mflMxspEfB0VbI1kyLiAv,"folk, pop"
Kill Bill,SZA,2022,1Qrg8KqiBpW07V7PNxwwwL,r&b
Nonsense,Sabrina Carpenter,2022,6dgUya35uo964z7GZXM07g,pop
Snooze,SZA,2022,4iZ4pt7kvcaH6Yo8UoZ4s2,r&b
I'm Good (Blue),"David Guetta, Bebe Rexha",2022,4uUG5RXrOk84mYEfFvj3cK,gaming
Romantic Homicide,d4vd,2022,1xK59OXxi2TAAAbmZK0kBL,gaming
Something in the Orange,Zach Bryan,2022,3WMj8moIAXJhHsyLaqIIHI,pop
Nobody Gets Me,SZA,2022,5Y35SjAfXjjG0sFQ3KOxmm,r&b
Too Many Nights (feat. Don Toliver & with Future),"Metro Boomin, Future, Don Toliver",2022,2Hh3ETdQKrmSI3QS0hme7g,"arabic, hip-hop"
Trance (with Travis Scott & Young Thug),"Metro Boomin, Travis Scott, Young Thug",2022,5wG3HvLhF6Y5KTGlK0IW3J,arabic
WAIT FOR U (feat. Drake & Tems),"Future, Drake, Tems",2022,59nOXPmaKlBfGMDeOVGrIK,"ambient, gaming, latin"
Anti-Hero,Taylor Swift,2022,0V3wPSX9ygBnCm8psDIegu,pop
Me Porto Bonito,"Bad Bunny, Chencho Corleone",2022,6Sq7ltF9Qa7SNFBsV5Cogx,latin
Jimmy Cooks (feat. 21 Savage),"Drake, 21 Savage",2022,3F5CgOj3wFlRv51JsHbxhe,"gaming, hip-hop"
Ojitos Lindos,"Bad Bunny, Bomba Est√©reo",2022,3k3NWokhRRkEPhCzPmV8TW,latin
Open Arms (feat. Travis Scott),"SZA, Travis Scott",2022,6koKhrBBcExADvWuOgceNZ,r&b
"Quevedo: Bzrp Music Sessions, Vol. 52","Bizarrap, Quevedo",2022,2tTmW7RDtMQtBk7m2rYeSw,latin
Si No Est√°s,i√±igo quintero,2022,2HafqoJbgXdtjwCOvNEF14,latin
ceilings,Lizzy McAlpine,2022,2L9N0zZnd37dwF0clgxMGI,ambient
the perfect pair,beabadoobee,2022,41P6Tnd8KIHqON0QIydx6a,pop
Efecto,Bad Bunny,2022,5Eax0qFko2dh7Rl2lYs3bx,latin
I Ain't Worried,OneRepublic,2022,4h9wh7iOZ0GGn8QVp4RAOB,pop
Moscow Mule,Bad Bunny,2022,6Xom58OOXk2SoU711L2IXO,latin
Superhero (Heroes & Villains) [with Future & Chris Brown],"Metro Boomin, Future, Chris Brown",2022,0vjeOZ3Ft5jvAi9SBFJm1j,"gaming, hip-hop"
Tit√≠ Me Pregunt√≥,Bad Bunny,2022,1IHWl5LamUGEuP4ozKQSXZ,latin
LA INOCENTE,"Mora, Feid",2022,5jt25aFjW2kNoBqaEVaz5W,latin
Nothing's New,Rio Romeo,2022,0EF1EE8zusg3Y869e56JFd,"ambient, pop"
Surround Sound (feat. 21 Savage & Baby Tate),"JID, 21 Savage, Baby Tate",2022,1udwFobQ1JoOdWPQrp2b6u,"gaming, hip-hop"
Until I Found You (with Em Beihold) - Em Beihold Version,"Stephen Sanchez, Em Beihold",2022,1Y3LN4zO1Edc2EluIoSPJN,pop
Belly Dancer,"Imanbek, BYOR",2022,7fZBQnc0zXwVybgCIrQQil,electronic
Doja,Central Cee,2022,3LtpKP5abr2qqjunvjlX5i,"gaming, hip-hop"
PUFFIN ON ZOOTIEZ,Future,2022,1qMMYpVatbRITKCfq1gasi,hip-hop
ALL MINE,Brent Faiyaz,2022,3XgGQ1wjo5khvq2UImjyNF,r&b
Deep Down (feat. Never Dull),"Alok, Ella Eyre, Kenny Dope, Never Dull",2022,7MIhUdNJtaOnDmC5nBC1fb,"electronic, gaming"
Ferrari,"James Hype, Miggy Dela Rosa",2022,4zN21mbAuaD0WqtmaTZZeP,electronic
Fuera del mercado,Danny Ocean,2022,1UdzJEpgJxtuXAlCOvD4S0,latin
In My Room,Chance Pe√±a,2022,7CiDwKE62N6ey3LyG6s7xc,ambient
Oysters In My Pocket,Royel Otis,2022,2B664ulJSVBd6B8SAY3Wux,"indie, rock"
People,Libianca,2022,26b3oVLrRUaaybJulow9kz,latin
Tarot,"Bad Bunny, JHAYCO",2022,41oY4WCTj5kccfesTVFnvN,latin
Un Coco,Bad Bunny,2022,6VrQTLzzuyGIYjUDe4kAZk,latin
N95,Kendrick Lamar,2022,0fX4oNGBWO3dSGUZcVdVV2,hip-hop
Neverita,Bad Bunny,2022,31i56LZnwE6uSu3exoHjtB,latin
Otro Atardecer,"Bad Bunny, The Mar√≠as",2022,0E0DRHf5PfMeor0ZCwB3oT,latin
Andrea,"Bad Bunny, Buscabulla",2022,44XjoNvtwevktFKjvVe1vH,latin
Bones,Imagine Dragons,2022,0HqZX76SFLDz2aW8aiqi7G,gaming
THE SHADE,Rex Orange County,2022,1gH1h30wkQdd9zhY3j7a8T,rock
soso,Omah Lay,2022,1wADwLSkYhrSmy4vdy6BRn,latin
21 Reasons (feat. Ella Henderson),"Nathan Dawe, Ella Henderson",2022,1RF02Cf80mTaeNXG2P2boR,electronic
Better,sign crushes motorist,2022,0Z94dtWElamDwU4NrcGoUR,pop
La Corriente,"Bad Bunny, Tony Dize",2022,1797zYiX4cKosMH836X9Gt,latin
MEMORIAS,"Mora, JHAYCO",2022,2hLXUbsOU9cDb9RFva9FYr,latin
Orange Juice,Noah Kahan,2022,07UFnnK3uPIuKv5Rs9TmXl,folk
Rich Spirit,Kendrick Lamar,2022,1QPreu0BNOrUfEb8HTd2qG,hip-hop
White Brown Black,"Avvy Sra, Karan Aujla, Jaani",2022,3nKQrVVlwbAQSnFbgZWdN0,indian
A Bird's Last Look,Macabre Plaza,2022,5omLpU1N0uN51OSXL62VAM,electronic
Astronomy,Conan Gray,2022,2JN3ugW1cEahbYw0I5mw5U,ambient
KICK BACK,Kenshi Yonezu,2022,3khEEPRyBeOUabbmOPJzAG,j-pop
LET GO,Central Cee,2022,3zkyus0njMCL6phZmNNEeN,hip-hop
The 30th,Billie Eilish,2022,5SHpuW2qjkQtFRpE6P9Nks,ambient
Agosto,Bad Bunny,2022,0wihfILRNOwE2156Shezc8,latin
DESPECH√Å,ROSAL√çA,2022,5ildQOEKmJuWGl2vRkFdYc,latin
Despu√©s de la Playa,Bad Bunny,2022,1dm6z1fWB0cErMszU25dy2,latin
Idea 1,Gibran Alcocer,2022,3kJACFlgn1rg0I0l4XmzLI,classical
PROVENZA,KAROL G,2022,7dSZ6zGTQx66c2GF91xCrb,latin
Where Did You Go? (feat. MNEK),"Jax Jones, MNEK",2022,3sa06xVNmLLYIxdNNmVQN8,electronic
¬øQu√© Nos Pas√≥?,Anuel AA,2022,7k3qWn8D43a5ISa3x8lJux,latin
Hola - Remix,"Dalex, Lenny Tav√°rez, Chencho Corleone, Juhn, D√≠melo Flow",2022,17I27VXKtqXJHL6ReaG0eS,latin
Homesick,Noah Kahan,2022,0jkzxxDG8z3Y5OmfNl1VM0,folk
KU LO SA - A COLORS SHOW,Oxlade,2022,2WigMwGJysIh9fRnSJvpjn,"ambient, latin"
Maturidade,"KayBlack, Wall Hein, AMUSIK",2022,5RHOhXxMVhpEaBcG6hIydA,hip-hop
Me Fui de Vacaciones,Bad Bunny,2022,28GCbKgjlVD9eDmasGbe0T,world
On Top,Karan Aujla,2022,4SJMuaIYcBS8ke96lDYOsw,hip-hop
Se Voce Nao Quer Passa a Vez,"Mc Delux, DJ Guih Da ZO",2022,7snnTlaWaN39nfN1PhUaT8,brazilian
Te Felicito,"Shakira, Rauw Alejandro",2022,2rurDawMfoKP4uHyb2kJBt,latin
Yo No Soy Celoso,Bad Bunny,2022,5kVZxyMY1gfdCLiChsfjn1,latin
memories,leadwave,2022,4VkRQSpG16JxrXaVlNyWdX,electronic
2MS,Nemzzz,2022,0rwOtnvfoBHa443aTwjSlu,hip-hop
Calm Down,Rema,2022,6hgoYQDUcPyCz7LcTUHKxa,latin
La Jumpa,"Arc√°ngel, Bad Bunny",2022,5MxFWjuqQIsbNWbMdMdbli,latin
MAMIII,"Becky G, KAROL G",2022,1ri9ZUkBJVFUdgwzCnfcYs,latin
Baller,"Shubh, Ikky",2022,42TMa2hgBNjte4uV7jNCnQ,hip-hop
GAT√öBELA,"KAROL G, Maldy",2022,1ga4PztXOIw1yBbdUt2X8v,latin
Gato de Noche,"√ëengo Flow, Bad Bunny",2022,54ELExv56KCAB4UP9cOCzC,latin
Miserable Man,David Kushner,2022,5iu3rl4feYeRgR1DW0ydNU,ambient
Rush,Ayra Starr,2022,1rrqJ9QkOBYJlsZgqqwxgB,"ambient, latin"
Show Me,Joey Bada$$,2022,2uuJs2nltcYFh9pkKP7bW4,hip-hop
Solitaire,Werenoi,2022,3kzXT2poHInDISrXOgT1PR,electronic
Stay Alive (Prod. SUGA of BTS),Jung Kook,2022,7CAdT0HdiQNlt1C7xk2hep,korean
Sticky,Drake,2022,4rmVZajAF7PkrCagGPHbqa,hip-hop
THE LONELIEST,M√•neskin,2022,1Ame8XTX6QHY0l0ahqUhgv,rock
Ghost,Justin Bieber,2021,6I3mqTwhRpn34SLVafSH7G,pop
Memories,Maroon 5,2021,4cktbXiXOapiLBMprHFErI,pop
2055,Sleepy Hallow,2021,4XvcHTUfIlWfyJTRG0aqlo,gaming
Give It To Me - Full Vocal Mix,Matt Sassari,2021,5ZduaRci3iNUiDfJbBfAaf,electronic
Mood (feat. iann dior),"24kGoldn, iann dior",2021,4jPy3l0RUwlUI9T5XHBW2m,"arabic, gaming"
Chemtrails Over The Country Club,Lana Del Rey,2021,7bPWdJgx8vek7S5i5yAtvG,ambient
Cold Heart - PNAU Remix,"Elton John, Dua Lipa, PNAU",2021,6zSpb8dQRaw0M1dK8PBwQz,pop
family ties (with Kendrick Lamar),"Baby Keem, Kendrick Lamar",2021,3QFInJAm9eyaho5vBzxInN,hip-hop
STAY (with Justin Bieber),"The Kid LAROI, Justin Bieber",2021,5HCyWlXZPP0y6Gqq8TgA20,pop
Tiroteo - Remix,"Marc Segu√≠, Rauw Alejandro, Pol Granch",2021,4OwhwvKESFtuu06dTgct7i,latin
16,Baby Keem,2021,1Is8hGpkGMiePASAxBluxM,hip-hop
Easy On Me,Adele,2021,0gplL1WMoJ6iYaPgMCL0gX,pop
Leave Before You Love Me (with Jonas Brothers),"Marshmello, Jonas Brothers",2021,4qu63nuBpdn0qHUHuObEj1,pop
Pepas,Farruko,2021,5fwSHlTEWpluwOM0Sxnh5k,latin
Halley's Comet,Billie Eilish,2021,5XsAal7ZcWg1I5T4NcRjkv,ambient
Love Story (Taylor‚Äôs Version),Taylor Swift,2021,6YvqWjhGD8mB5QXcbcUKtx,pop
Yonaguni,Bad Bunny,2021,2JPLbjOn0wPCngEot2STUS,latin
512,"Mora, JHAYCO",2021,5jzEwSyyymBlf1fa1o39T2,latin
Love Tonight (David Guetta Remix Edit),"Shouse, David Guetta",2021,2prnn41CblB8B4yWACDljP,electronic
Volv√≠,"Aventura, Bad Bunny",2021,2vmfvSoZBFAt9hhRoEByLi,latin
Ambition For Cash,Key Glock,2021,4mIHgQ3ofK2RK34UdbqMbe,hip-hop
Feels Like,Gracie Abrams,2021,35IcAVSMsU9qzHfpPbvC8A,ambient
Gatluak - Bakermat Remix,"Kronan, Nyaruach, Bakermat",2021,0GT2hQQ6mdHeW0AZDl5NlJ,electronic
Volando - Remix,"Mora, Bad Bunny, Sech",2021,0G2zPzWqVjR68iNPmx2TBe,latin
WUSYANAME (feat. Youngboy Never Broke Again & Ty Dolla $ign),"Tyler, The Creator, YoungBoy Never Broke Again, Ty Dolla $ign",2021,5B0kgjHULYJhAQkK5XsMoC,hip-hop
Wants and Needs (feat. Lil Baby),"Drake, Lil Baby",2021,65OVbaJR5O1RmwOQx0875b,hip-hop
edamame,"bbno$, Rich Brian",2021,1golLrmqyxDWedF7YUHCOD,gaming
Move Your Body,"√ñwnboss, Sevek",2021,6GomT970rCOkKAyyrwJeZi,electronic
No Love (with SZA),"Summer Walker, SZA",2021,08SB2OtZkaliju77WYEKxk,r&b
That Go! (feat. T-Shyne),"Young Stoner Life, Young Thug, Meek Mill, T-Shyne",2021,6rUmUJ2drFemHTH73bFAKQ,hip-hop
AMOR DE CINE,HUMBE,2021,0v9UztY5A12cJUsWD7PZzS,latin
In A Good Way,Faye Webster,2021,2VYnlKxB8jpbCeLUjQsebc,pop
Nothing New (feat. Phoebe Bridgers) (Taylor‚Äôs Version) (From The Vault),"Taylor Swift, Phoebe Bridgers",2021,01K4zKU104LyJ8gMb7227B,ambient
Replay,Tems,2021,2dFqK2ZkYB9Xc47gr3xXWl,"ambient, latin"
Run It Up (feat. Offset & Moneybagg Yo),"Lil Tjay, Offset, Moneybagg Yo",2021,1dg3qy5DjoJodawfOCgrTP,hip-hop
EL MAKINON,"KAROL G, Mariah Angeliq",2021,2FSGUA0gFgGeQdprjtGM2M,latin
EVERY CHANCE I GET (feat. Lil Baby & Lil Durk),"DJ Khaled, Lil Baby, Lil Durk",2021,1EJIcDYXwSqipW5dFe4uJz,"arabic, hip-hop"
Getting Older,Billie Eilish,2021,4HOryCnbme0zBnF8LWij3f,ambient
Lo Siento BB:/ (with Bad Bunny & Julieta Venegas),"Tainy, Bad Bunny, Julieta Venegas",2021,4gzsuuZypVbxs0Af1LSZyB,latin
Loading,Central Cee,2021,4vzJrkfHbCGaodPA5RY5BV,hip-hop
Male Fantasy,Billie Eilish,2021,4ak9GGe6afmi2HbxEjvhIC,ambient
Nost√°lgico,"Rvssian, Rauw Alejandro, Chris Brown",2021,2BEcap3xJtmiPaHKyfQi4e,latin
"Raataan Lambiyan (From ""Shershaah"")","Tanishk Bagchi, Jubin Nautiyal, Asees Kaur",2021,2rOnSn2piaqLAlYjtfUBlY,indian
Sexo Virtual,Rauw Alejandro,2021,1lV3QHHMAQt0Kc1ioZq2MP,latin
ALMAS GEMELAS,Myke Towers,2021,2KcNrONbZ0hvBPjvrDO2tx,latin
Christmas Tree,V,2021,186NCtNk1tUYS7c2DxgJ7O,korean
Champagne Shots,Saint√©,2021,7dbyaRWWFvB9UG2vcwTd3J,hip-hop
Desesperados,"Rauw Alejandro, Chencho Corleone",2021,6ZOcbKub95XSDESsKKuH41,latin
Fountains (with Tems),"Drake, Tems",2021,08XWh5c0BMyD1nKVxxl91z,latin
M4,"Teto, Matu√™",2021,07AQkmp456NpEnT8HR7WLy,hip-hop
"Ranjha (From ""Shershaah"")","Jasleen Royal, B Praak, Romy, Anvita Dutt",2021,72zHuDxFQTjbL51qJQSA7j,indian
Tacones Rojos,Sebastian Yatra,2021,0Be7sopyKMv8Y8npsUkax2,latin
Tan Bonita,Piso 21,2021,6mm3K0yWp6uzfOMuipM9Zh,latin
Heather,Conan Gray,2020,4xqrdfXkTW4T0RauPLv3WA,"ambient, pop"
cardigan,Taylor Swift,2020,4R2kfaDFhslZEMJqAFNpdd,ambient
Godzilla (feat. Juice WRLD),"Eminem, Juice WRLD",2020,7FIWs0pqAYbP91WWM0vlTQ,gaming
telepat√≠a,Kali Uchis,2020,6tDDoYIxWvMLTdKpjFkc1B,latin
Glock In My Lap,"21 Savage, Metro Boomin",2020,6pcywuOeGGWeOQzdUyti6k,hip-hop
Borderline,Tame Impala,2020,5hM5arv9KDbCHS0k9uqwjr,indie
Heartbreak Anniversary,Giveon,2020,3FAJ6O0NOHQV8Mc5Ri6ENp,pop
Clouded,Brent Faiyaz,2020,2J6OF7CkpdQGSfm1wdclqn,r&b
Martin & Gina,Polo G,2020,1VLtjHwRWOVJiE5Py7JxoQ,"arabic, hip-hop"
Runnin,"21 Savage, Metro Boomin",2020,5SWnsxjhdcEDc7LJjq9UHk,hip-hop
Stuck with U (with Justin Bieber),"Ariana Grande, Justin Bieber",2020,4HBZA5flZLE435QTztThqH,pop
Took Her To The O,King Von,2020,7fEoXCZTZFosUFvFQg1BmW,hip-hop
Without Me,Halsey,2020,6FZDfxM3a3UCqtzo5pxSLZ,pop
Lemonade (feat. NAV),"Internet Money, Gunna, Don Toliver, NAV",2020,1p0rEzrK7YtdRZVtiyV7RN,arabic
The Adults Are Talking,The Strokes,2020,5ruzrDWcT0vuJIOMW7gMnW,rock
anything,Adrianne Lenker,2020,4PwWESSlTwzvw9B7bmtTLS,folk
Lose You To Love Me,Selena Gomez,2020,4l0Mvzj72xxOpRrp6h8nHi,pop
Wishing Well,Juice WRLD,2020,2U5WueTLIK5WJLD7mvDODv,arabic
Baian√°,Bakermat,2020,780be5fB7823aHG06mwTat,electronic
Been Away,Brent Faiyaz,2020,5PvVkf1Yuq3XyMqqjPiKPd,r&b
Come & Go (with Marshmello),"Juice WRLD, Marshmello",2020,2Y0wPrPQBrGhoLn14xRYCG,hip-hop
D√ÅKITI,"Bad Bunny, JHAYCO",2020,4MzXwWMhyBbmu6hOcLVD49,latin
Rich Nigga Shit (feat. Young Thug),"21 Savage, Metro Boomin, Young Thug",2020,3ruoIF2UnoXdzK8mR61ebq,hip-hop
Hasta Que Dios Diga,"Anuel AA, Bad Bunny",2020,06s3QtMJVXw1AJX3UfvZG1,latin
I'm God,"Clams Casino, Imogen Heap",2020,0FVuyC9RP5MACjp4lgU3qZ,electronic
LA NOCHE DE ANOCHE,"Bad Bunny, ROSAL√çA",2020,2XIc1pqjXV3Cr2BQUGNBck,latin
Si Veo a Tu Mam√°,Bad Bunny,2020,41wtwzCZkXwpnakmwJ239F,latin
Una Vez,"Bad Bunny, Mora",2020,5J7teKIJGtqVypgYI6sqXj,latin
A Tu Merced,Bad Bunny,2020,4r9jkMEnArtWGH2rL2FZl0,latin
Shayad,"Pritam, Arijit Singh",2020,1smFN2CLqGROu0J0UyvDfL,indian
Armed & Dangerous,King Von,2020,2297mxrYLBAC4XkhXs39If,hip-hop
BOOKER T,Bad Bunny,2020,26w9NTiE9NGjW1ZvIOd1So,hip-hop
Free Mind,Tems,2020,2mzM4Y0Rnx2BDZqRnhQ5Q6,ambient
Higher,Tems,2020,2QdSb68BzZGMgCbsrFmSLc,ambient
If You Love Her,Forest Blakk,2020,727Z2S2mtNH46CbP9EWPwY,pop
Low Down,Lil Baby,2020,5m0yZ33oOy0yYBtdTXuxQe,arabic
Safaera,"Bad Bunny, Jowell & Randy, √ëengo Flow",2020,2DEZmgHKAvm41k4J3R2E9Y,latin
TE MUDASTE,Bad Bunny,2020,5RubKOuDoPn5Kj5TLVxSxY,latin
The Business,Ti√´sto,2020,6f3Slt0GbA2bPZlz0aIFXN,electronic
HACIENDO QUE ME AMAS,Bad Bunny,2020,26QApq0cuO9brJigr0C0W4,latin
Invincible,Pop Smoke,2020,792HwhrdO3ErRKL5yRe4Ge,hip-hop
Rehab (Winter In Paris),Brent Faiyaz,2020,0zWbYGQq5O1KQd0iqzgjP6,r&b
Thinking 'Bout Love,Wild Rivers,2020,42UaitnwvuKqNcD5Oa2HlD,folk
Walk Em Down (feat. Roddy Ricch),"NLE Choppa, Roddy Ricch",2020,1Z0cZI0UzNbP9L8MzzGxqf,arabic
Waltz,Fabrizio Paterlini,2020,73fZnvwSUlWwt9LLRkknzs,classical
Bandido,"Myke Towers, Juhn",2020,1xK1Gg9SxG8fy2Ya373oqb,latin
Bichiyal,"Bad Bunny, Yaviah",2020,4j4w4CXm6BSr0s25wAWrrX,latin
Coffin,Lil Yachty,2020,5vDNippoMr52KpXBO9b9KQ,hip-hop
Drankin N Smokin,"Future, Lil Uzi Vert",2020,0k7wmahjkn389wAZdz19Cv,hip-hop
Essence (feat. Tems),"Wizkid, Tems",2020,5FG7Tl93LdH117jEKYl3Cm,ambient
Inolvidable,"Ovy On The Drums, Be√©le",2020,0OTtnwUO8natNWSwdZvXVF,latin
La Dif√≠cil,Bad Bunny,2020,6NfrH0ANGmgBXyxgV2PeXt,latin
Mr. Glock,Key Glock,2020,1ipSpQfzBbhPFhYm6tfVIz,hip-hop
Oceans Apart,Ben Crosland,2020,1yqM5O07lL7R6UAdK5jvrR,classical
On Me,Lil Baby,2020,4Iedi94TIaB2GGb1nMB68v,"arabic, hip-hop"
We Paid (feat. 42 Dugg),"Lil Baby, 42 Dugg",2020,6gxKUmycQX7uyMwJcweFjp,"arabic, hip-hop"
Control,Zoe Wees,2020,50Td3qilgs8BLtv8mHyT1t,pop
Una Locura,"Ozuna, J Balvin, Chencho Corleone",2020,5y7DaS3jAc9eZzcSOoUIwU,latin
Yo Perreo Sola,Bad Bunny,2020,0SqqAgdovOE24BzxIClpjw,latin
3 Headed Goat (feat. Lil Baby & Polo G),"Lil Durk, Lil Baby, Polo G",2020,6Tguhaf2uAe6OjRLsR2Tql,"arabic, hip-hop"
Brown Munde,"AP Dhillon, Gminxr, Gurinder Gill, Shinda Kahlon",2020,58f4twRnbZOOVUhMUpplJ4,indian
Is It True,Tame Impala,2020,6RZmhpvukfyeSURhf4kZ0d,indie
La Zona,Bad Bunny,2020,5kqNIqFjijuzvVLhuY9B8j,latin
The Woo (feat. 50 Cent & Roddy Ricch),"Pop Smoke, 50 Cent, Roddy Ricch",2020,1H7KnK26kc1YyellpbINEn,hip-hop
Lover,Taylor Swift,2019,1dGr1c8CrMLDpV6mPbImSI,pop
Ransom,Lil Tecca,2019,1lOe9qE0vR9zwWQAOk6CoO,gaming
Circles,Post Malone,2019,21jGcNKet2qwijlDFuPiPb,"hip-hop, pop"
LA CANCI√ìN,"J Balvin, Bad Bunny",2019,0fea68AdmYNygeTGI4RC18,latin
Sunflower - Spider-Man: Into the Spider-Verse,"Post Malone, Swae Lee",2019,0RiRZpuVRbi7oqRdSMwhQY,gaming
Before You Go,Lewis Capaldi,2019,2gMXnyrvIjhVBUZwvLZDMP,pop
The Box,Roddy Ricch,2019,0nbXyq5TXYPCO7pr3N8S4I,gaming
rises the moon,Liana Flores,2019,51Grh1RyUDcMBbpuyUIUHI,ambient
Ride It,Regard,2019,2tnVG71enUj33Ic2nFN6kZ,electronic
Bags,Clairo,2019,6UFivO2zqqPFPoQYsEMuCc,pop
Robbery,Juice WRLD,2019,6iaSML1PIYq936g62BDtBq,arabic
Wow.,Post Malone,2019,7xQAfvXzm3AkraOtGPWIZg,hip-hop
Con Calma,"Daddy Yankee, Snow",2019,5w9c2J52mkdntKOmRLeM2m,"latin, pop"
Nothing Breaks Like a Heart (feat. Miley Cyrus),"Mark Ronson, Miley Cyrus",2019,02dRkCEc8Q5ch4TTcnLxOn,pop
Could've Been (feat. Bryson Tiller),"H.E.R., Bryson Tiller",2019,6oEVnWKgPqIEPc53OYDNqG,r&b
"Crazy Story, Pt. 3",King Von,2019,23TwR29GSeJBfXnXhmDlwR,hip-hop
"I'm Good Luv, Enjoy.",Aaron May,2019,3RKLJPyyMZfwebsePAzqjL,hip-hop
QUE PRETENDES,"J Balvin, Bad Bunny",2019,25ZAibhr3bdlMCLmubZDVt,latin
Se√±orita,"Shawn Mendes, Camila Cabello",2019,0TK2YIli7K1leLovkQiNik,pop
UN PESO,"J Balvin, Bad Bunny, Marciano Cantero",2019,7hynhxDoDpgMIV12JuVtNa,latin
Goodbyes (feat. Young Thug),"Post Malone, Young Thug",2019,0t3ZvGKlmYmVsDzBJAXK8C,"arabic, hip-hop"
Pop Out (feat. Lil Tjay),"Polo G, Lil Tjay",2019,6uFn47ACjqYkc0jADwEdj1,arabic
Someone To You,BANNERS,2019,2f0pn9DkEJwAzXApnFh5cr,pop
Would That I,Hozier,2019,37zuIvk4KBkAxxLJsxJaHq,ambient
listen before i go,Billie Eilish,2019,0tMSssfxAL2oV8Vri0mFHE,ambient
Arcade,Duncan Laurence,2019,1Xi84slp6FryDSCbzq4UCD,pop
Ballin' (with Roddy Ricch),"Mustard, Roddy Ricch",2019,3QzAOrNlsabgbMwlZt7TAY,hip-hop
F.N,Lil Tjay,2019,0RLLvYBopDwooCyvnTwgYu,"arabic, hip-hop"
Happiness is a butterfly,Lana Del Rey,2019,3lG6OtGDsYAOALxEmubQQm,ambient
Location (feat. Burna Boy),"Dave, Burna Boy",2019,3z4CGd63tpUn9a6oQSG0CI,ambient
Nena Maldici√≥n (feat. Lenny Tav√°rez),"Paulo Londra, Lenny Tav√°rez",2019,77dMSg2VHi2wwXjXNrmcrZ,hip-hop
Nights Like This (feat. Ty Dolla $ign),"Kehlani, Ty Dolla $ign",2019,6ZRuF2n1CQxyxxAAWsKJOy,r&b
Ransom (with Juice WRLD) - Remix,"Lil Tecca, Juice WRLD",2019,2WsuSYJNXGKXVYkHPnq2yp,hip-hop
Suicidal,YNW Melly,2019,1iSqfoUFnQwV0QW1EfUit8,hip-hop
Take What You Want (feat. Ozzy Osbourne & Travis Scott),"Post Malone, Ozzy Osbourne, Travis Scott",2019,7CZyCXKG6d5ALeq41sLzbw,hip-hop
ily (i love you baby) (feat. Emilee),"Surf Mesa, Emilee",2019,62aP9fBQKYKxi7PDXwcUAS,electronic
Dior,Pop Smoke,2019,79s5XnCN4TJKTVMSmOx8Ep,hip-hop
Baby (Lil Baby feat. DaBaby),"Quality Control, Lil Baby, DaBaby",2019,5MPPttjfGap2C6j6eKcO6J,arabic
Breaking Me,"Topic, A7S",2019,3H7ihDc1dqLriiWXwsc2po,electronic
Callaita,"Bad Bunny, Tainy",2019,2TH65lNHgvLxCKXM3apjxI,latin
Did It Again,Lil Tecca,2019,4guBZjUyrGoHsTahO3IHdj,hip-hop
If the World Was Ending (feat. Julia Michaels),"JP Saxe, Julia Michaels",2019,2kJwzbxV2ppxnQoYw4GLBZ,pop
Si Se Da - Remix,"Myke Towers, Farruko, Arc√°ngel, Sech, Zion",2019,6K5BsR04ijf3FHNzjbaagD,latin
All Around The World (La La La),"R3HAB, A Touch Of Class",2019,02itaCXOdC54J0ISjqqFAp,pop
Fantasias,"Rauw Alejandro, Farruko",2019,6mAN61JH0dzyZpWslS11jy,latin
Ghostride,Crumb,2019,0R3TWpoxAhT3HDXM7tpRzS,"pop, rock"
Hell N Back,Bakar,2019,3NRql0A1Ef4RCvT473iqgD,rock
Khairiyat,"Pritam, Arijit Singh",2019,5O932cZmzOZGOGZz9RHx20,indian
Nada,"Cazzu, Lyanno, Rauw Alejandro, Dalex",2019,7DOh0tBGnyMt6C5OO7o8Yq,latin
"10,000 Hours (with Justin Bieber)","Dan + Shay, Justin Bieber",2019,2wrJq5XKLnmhRXHIAf9xBa,pop
Behind Every Decision,Yehezkel Raz,2019,2kbruQXVXFmxxm4l75zuwy,classical
Flaws And Sins,Juice WRLD,2019,0flSGzqHO12p9fU9kqaHGE,hip-hop
How to disappear,Lana Del Rey,2019,4qUtC2BwFC154Ha8YQRrkk,ambient
Mayores,"Becky G, Bad Bunny",2019,2AY1UAimvTqjJC8vDJsOyy,latin
Porno,"Rich Music LTD, Sech, Dalex, Justin Quiles, Lenny Tav√°rez, Feid",2019,34ZngZgo8xicbt1EE8Ob8Z,latin
Velitas,"Darell, Brytiago",2019,7q3NthaBqFI6s0WnAlnIvq,latin
6locc 6a6y,Lil Loaded,2019,3WCXvxgQ7U3mznWsQjiEMu,hip-hop
Con Altura,"ROSAL√çA, J Balvin, El Guincho",2019,2qG5sZ7Si6sdK74qLxedYM,latin
GATTI,"JACKBOYS, Pop Smoke, Travis Scott",2019,40mjsnRjCpycdUw3xhS20g,hip-hop
HASTA ABAJO,"KEVIN ROLDAN, Bryant Myers, Lyanno",2019,4PEfJZpVjdclfzZ9XO8uDw,latin
Metamodernity,Vansire,2019,4RGWHfQeJftd5XrP8JUgFj,rock
Verte Ir,"DJ Luian, Mambo Kingz, Anuel AA, Nicky Jam, Darell, Brytiago",2019,4lzxJ4jCuFDXXGkE1LmpKR,latin
"Yo x Ti, Tu x Mi","ROSAL√çA, Ozuna",2019,7BlBVFwvbWvcwNcUarQmjk,latin
Chosen 1,Polo G,2019,40QrLHWdsxyXLAdjJG4Rxs,arabic
El Efecto - Remix,"Rauw Alejandro, Chencho Corleone, KEVVO, Bryant Myers, Lyanno, Dalex",2019,74j34STf8L6uADnTN69ohv,latin
I Think I'm OKAY (with YUNGBLUD & Travis Barker),"mgk, YUNGBLUD, Travis Barker",2019,2gTdDMpNxIRFSiu7HutMCg,punk
In My Bed,"Rotimi, Wale",2019,6XM53PbvlzhuNtJZtpl7RP,"ambient, latin"
Ocean Prime (feat. Boldy James),"The Alchemist, Boldy James",2019,5467KZaTToEB680WvOd9w5,hip-hop
lovely (with Khalid),"Billie Eilish, Khalid",2018,0u2P5u6lvoDfwTYjAADbn4,pop
Falling Down - Bonus Track,"Lil Peep, XXXTENTACION",2018,4jvjzW7Hm0yK4LvvE0Paz9,hip-hop
All Girls Are The Same,Juice WRLD,2018,4VXIryQMWpIdGgYR4TrjT1,"arabic, hip-hop"
Happier,"Marshmello, Bastille",2018,7BqHUALzNBTanL6OvsqmC1,gaming
Hope,XXXTENTACION,2018,2ZRo7axmMPeSVUvDbGkJah,gaming
Moonlight,XXXTENTACION,2018,0JP9xo3adEtGSdUEISiszL,gaming
SICKO MODE,Travis Scott,2018,2xLMifQCjDGFmkHkpNLD9h,"arabic, hip-hop"
Faded,Alan Walker,2018,698ItKASDavgwZ3WjaWjtz,electronic
In My Mind,"Dynoro, Gigi D'Agostino",2018,0E9ZjEAyAwOXZ7wJC0PD33,electronic
No Lie,"Sean Paul, Dua Lipa",2018,48QmG1dfvMuYLxMPt7KSRA,pop
Drip Too Hard (Lil Baby & Gunna),"Lil Baby, Gunna",2018,78QR3Wp35dqAhFEc2qAGjE,"arabic, hip-hop"
Dancing On My Own,Calum Scott,2018,2BOqDYLOJBiMOXShCV1neZ,pop
3 Nights,Dominic Fike,2018,0uI7yAKUf52Cn7y3sYyjiX,rock
Lean Wit Me,Juice WRLD,2018,3oDkdAySo1VQQG0ptV7uwa,"arabic, hip-hop"
Lights Are On,Tom Rosenthal,2018,4IhTXiZLKATmwhMZIb1GQN,ambient
Pure Cocaine,Lil Baby,2018,577YBGuskWkVDCxZrLRB4v,"arabic, hip-hop"
a lot,21 Savage,2018,2t8yVaLvJ0RenpXUIAC52d,hip-hop
The Middle,"Zedd, Maren Morris, Grey",2018,09IStsImFySgyp0pIQdqAc,pop
Trust,Brent Faiyaz,2018,0oufSLnKQDoBFX5mgkDCgR,r&b
Yes Indeed,"Lil Baby, Drake",2018,6vN77lE9LK6HP2DewaN6HZ,"arabic, hip-hop"
Be Alright,Dean Lewis,2018,3EPXxR3ImUwfayaurPi3cm,pop
Going Bad (feat. Drake),"Meek Mill, Drake",2018,2IRZnDFmlqMuOrYOLnZZyc,hip-hop
Perfect Strangers,"Jonas Blue, JP Cooper",2018,3P3pw6C19j31Rnzgo3JG7o,electronic
Silver Lining,Mt. Joy,2018,13xVnZKZDEGbmXkzBFpJDD,folk
10 Freaky Girls (with 21 Savage),"Metro Boomin, 21 Savage",2018,0AluA5RNsa4Cx6XRhf2hWZ,arabic
4EVER,Clairo,2018,5mIOsPuQdXchVY0jB5NO9Q,pop
Ain't Nobody (Loves Me Better) (feat. Jasmine Thompson),"Felix Jaehn, Jasmine Thompson",2018,3c8iiZGfEammKJuWTErE5x,electronic
Down by the Water,Ocie Elliott,2018,4Vutl1Y7OJOBwIqVISNmzL,folk
Get You The Moon (feat. Sn√∏w),"Kina, Sn√∏w",2018,4ZLzoOkj0MPWrTLvooIuaa,lofi
Parado no Bail√£o,"MC L da Vinte, MC Gury",2018,3Hb9kUdm4yf839Fle4RIdT,brazilian
Self Care,Mac Miller,2018,5bJ1DrEM4hNCafcDd1oxHx,hip-hop
State Lines,Novo Amor,2018,7CoMBpPTwQi2wPT0U0Nr9b,ambient
i wanna be your girlfriend,girl in red,2018,5PjdC2gMATetx5xdnwGUu7,pop
Life Goes On,"Lil Baby, Gunna, Lil Uzi Vert",2018,2bSk87AVkCIIC3Bcligq1z,arabic
You Say,Lauren Daigle,2018,6Up545NUflOiXo8cEraH49,pop
Black & White,Juice WRLD,2018,1fCeXjoRExPP2qwSBh2aST,arabic
Nunca Es Suficiente,"Los √Ångeles Azules, Natalia Lafourcade",2018,0HlMshB5JmZjPNbOuOgFHN,world
Tieduprightnow,Parcels,2018,66tkDkPsznE5zIHNt4QkXB,indie
Wish (feat. Trippie Redd) - Trippie Mix,"Diplo, Trippie Redd",2018,0c0YHn3DIQLl1opsQDd9kO,hip-hop
Can We Kiss Forever?,"Kina, Adriana Proenza",2018,58wyJLv6yH1La9NIZPl3ne,lofi
Proper Patola,"Badshah, Diljit Dosanjh, Aastha Gill",2018,39ujbBjTwwqUFySaCYDMMT,indian
Sigue Bailandome,"Yannc, Darkiel, Eladio Carrion, Brray, Myke Towers",2018,0GmiGIxXDNrePrHBpijYDp,latin
infinity (888) - feat. Joey Bada$$,"XXXTENTACION, Joey Bada$$",2018,7J2gyNghNTzl4EsLhXp01Q,hip-hop
1400 / 999 Freestyle (feat. Juice WRLD),"Trippie Redd, Juice WRLD",2018,0axBgt9y0GvMCLuRl2xBKG,arabic
De las 2 (feat. Bad Bunny & Arc√°ngel),"Trap Capos, Noriel, Bad Bunny, Arc√°ngel",2018,4DS7HoqrKq1dDjeYOKBlu9,hip-hop
No Es Justo,"J Balvin, Zion & Lennox",2018,5qFeMRz4TvetPmzjre9Dq7,latin
Ready (feat. Gunna),"Lil Baby, Gunna",2018,4F6yN5FsFW10Ucx7cLCzBh,"arabic, hip-hop"
Ruc√≥n,Alem√°n,2018,78M7CiqTpJYoPQKkwjM48Z,latin
Russian Cream,Key Glock,2018,03ThZweiBWFP8tOGsk6QMO,hip-hop
Saturday Sun,Vance Joy,2018,2RiBogNRfulkNf7fVbPOrJ,folk
As the World Caves In,Matt Maltese,2018,3NM41PVVUr0ceootKAtkAj,ambient
C√≥mo Le Digo,"KHEA, Omar Varela, Asan",2018,0K0soSt52EhMS9FohRObdK,hip-hop
Djadja,Aya Nakamura,2018,7sKDftgGirHWTVFMtJoDoh,electronic
Neva Cared,Polo G,2018,3UnYMo1aeD0o8VtHy3R8cs,hip-hop
See You Again (feat. Kali Uchis),"Tyler, The Creator, Kali Uchis",2017,7KA4W4McWYRpgf0fWsJZWB,"hip-hop, pop"
Apocalypse,Cigarettes After Sex,2017,0yc6Gst2xkRu0eMLeRMGCX,ambient
Perfect,Ed Sheeran,2017,0tgVpDi06FyKpA1z0VMD4v,pop
Shape of You,Ed Sheeran,2017,7qiZfU4dY1lWllzX7mPBI3,pop
Something Just Like This,"The Chainsmokers, Coldplay",2017,6RUKPb4LETWmmr3iAEQktW,"electronic, pop"
Best Part (feat. H.E.R.),"Daniel Caesar, H.E.R.",2017,1RMJOxR6GRPsBHL8qeC2ux,r&b
Evergreen,Richy Mitch & The Coal Miners,2017,6me7F0aaZjwDo6RJ5MrfBD,folk
Fuck Love,"XXXTENTACION, Trippie Redd",2017,7AQim7LbvFVZJE3O8TYgf2,hip-hop
Revenge,XXXTENTACION,2017,5TXDeTFVRVY7Cvt0Dw4vWW,hip-hop
Everybody Dies In Their Nightmares,XXXTENTACION,2017,3GVkPk8mqxz0itaAriG1L7,hip-hop
Feel It Still,Portugal. The Man,2017,6QgjcU0zLnzq5OrUoSZ3OK,rock
Mask Off,Future,2017,0VgkVdmE4gld66l8iyGjgx,hip-hop
XO Tour Llif3,Lil Uzi Vert,2017,7GX5flRQZVHRAGd6B4TmDO,"gaming, hip-hop"
Broken Clocks,SZA,2017,2fXwCWkh6YG5zU1IyvQrbs,r&b
For the First Time,Mac DeMarco,2017,2R4AlwtrrkMaRKojcTIzmL,pop
Passionfruit,Drake,2017,5mCPDVBb16L4XQwDdbRUpz,hip-hop
Thunder,Imagine Dragons,2017,1zB4vmk8tFRmM9UULNzbLB,"electronic, pop"
Anchor,Novo Amor,2017,7qH9Z4dJEN0l9bidizW7fq,ambient
This Town,Niall Horan,2017,0qvzXomUDJVaUboy2wMfiS,pop
Freestyle,Lil Baby,2017,5BbdKBZO0TH0GhfxUfyhL9,arabic
Language,"Paperboy Fabe, Brent Faiyaz",2017,4RnvS1tmh1ERhjXX6dxv95,r&b
Love Galore (feat. Travis Scott),"SZA, Travis Scott",2017,0q75NwOoFiARAVp4EXU4Bs,r&b
More Than You Know,Axwell /\ Ingrosso,2017,6h5PAsRni4IRlxWr6uDPTP,electronic
Teenage Fever,Drake,2017,6n3HGiq4v35D6eFOSwqYuo,hip-hop
Solo,Future,2017,4lH6nENd1y81jp7Yt9lTBX,"folk, hip-hop"
Sativa,"Jhen√© Aiko, Swae Lee",2017,2pg2TiYo9Rb8KeB5JjP7jS,r&b
Hard Times,Paramore,2017,0w5Bdu51Ka25Pf3hojsKHh,punk
Stay,"Zedd, Alessia Cara",2017,6uBhi9gBXWjanegOb2Phh0,electronic
The Weekend,SZA,2017,6gU9OKjOE7ghfEd55oRO57,r&b
Bank Account,21 Savage,2017,5eqK0tbzUPo2SoeZsov04s,arabic
DUCKWORTH.,Kendrick Lamar,2017,0y9uTzK9cNKSAEHnpeRG8C,hip-hop
Issues,Julia Michaels,2017,7vu0JkJh0ldukEYbTVcqd0,pop
Pa Ti,"Bad Bunny, Bryant Myers",2017,2QrGCbW0ylj94JfkgLZFlA,hip-hop
What About Us,P!nk,2017,0Qh38w01QRXK6KHIv0e3hb,pop
Where's My Love - Acoustic,SYML,2017,0ElpbbncWT9aS7mgoqEHbQ,ambient
Roll in Peace (feat. XXXTENTACION),"Kodak Black, XXXTENTACION",2017,40oKW22ZNNkEdZLJTScaQI,arabic
witchblades,"Lil Peep, Lil Tracy",2017,57NsyEzmk0NT3NcOwuQT55,hip-hop
Amigos y Enemigos (feat. Bad Bunny & Almighty) - Remix,"Trap Capos, Noriel, Bad Bunny, Almighty",2017,2sA4woGW5KgEgGXXxOKPAZ,hip-hop
Bad and Boujee (feat. Lil Uzi Vert),"Migos, Lil Uzi Vert",2017,0M9ydKzuF3oZTfYYPfaGX1,hip-hop
Boulevard of Broken Dreams,Green Day,2017,5GorCbAP4aL0EJ16frG2hd,punk
Lust,Lil Skies,2017,7oJrVhiTPZGBXWPwhxjy9S,hip-hop
Never Forget You,"Zara Larsson, MNEK",2017,6hmhG1b4LEyNuashVvuIAo,pop
From the Dining Table,Harry Styles,2017,1IF5UcqRO42D12vYwceOY6,ambient
Sensualidad,"Bad Bunny, Prince Royce, J Balvin, Mambo Kingz, DJ Luian",2017,5hcisvFMidkMJlElTO9Qmw,latin
Me Acostumbre (feat. Bad Bunny),"Arc√°ngel, Bad Bunny",2017,2FIm6YsSGL5acOqSuJDh5s,hip-hop
Un Ratito Mas,"Bryant Myers, Bad Bunny",2017,2SzgK8i6si6ETtu57nTdSn,hip-hop
That's What I Like,Bruno Mars,2016,0KKkJNfGyhkQ5aFogxQAPU,pop
Pink + White,Frank Ocean,2016,3xKsf9qdS1CyvXSMEid6g8,r&b
Starboy,"The Weeknd, Daft Punk",2016,7MXVkk9YMctZqd1Srtv4MB,pop
Say You Won't Let Go,James Arthur,2016,5uCax9HTNlzGybIStD3vDh,pop
Closer,"The Chainsmokers, Halsey",2016,7BKLCZ1jbUBVqRi2FVlTVw,electronic
Let Me Love You,"DJ Snake, Justin Bieber",2016,0lYBSQXN6rCTvUZvg9S0lU,electronic
24K Magic,Bruno Mars,2016,6b8Be6ljOzmkOmFslEb23P,pop
Don't Let Me Down,"The Chainsmokers, Daya",2016,1i1fxkWeaMmKEB4T7zqbzK,"electronic, pop"
7 Years,Lukas Graham,2016,5kqIPrATaCc2LqxVWzQGbk,pop
I Took A Pill In Ibiza - Seeb Remix,"Mike Posner, Seeb",2016,0vbtURX4qv1l7besfwmnD8,electronic
Poison,Brent Faiyaz,2016,5NijSs5dAwaIybq1GaRTIe,r&b
Redbone,Childish Gambino,2016,3vQ4T78TTMOjQXGfXVKQJo,hip-hop
Chachach√°,J√≥sean Log,2016,6aommJFM8i3iT4inKuDSXh,world
In the Name of Love,"Martin Garrix, Bebe Rexha",2016,23L5CiUhw2jV1OIMwthR3S,electronic
This Is What You Came For,"Calvin Harris, Rihanna",2016,0azC730Exh71aQlOt9Zj3y,"electronic, pop"
Unstoppable,Sia,2016,1yvMUkIOTeUNtNWlWRgANS,pop
"CAN'T STOP THE FEELING! (from DreamWorks Animation's ""TROLLS"")",Justin Timberlake,2016,6JV2JOEocMgcZxYSZelKcc,pop
This Girl (Kungs Vs. Cookin' On 3 Burners),"Kungs, Cookin' On 3 Burners",2016,1A8j067qyiNwQnZT0bzUpZ,electronic
Waiting Room,Phoebe Bridgers,2016,04mAOoQNsXmDJlyupJwmkO,ambient
Against All Odds (Take a Look at Me Now) - 2016 Remaster,Phil Collins,2016,63CHa6rmamv9OsehkRD8oz,blues
Firestone,"Kygo, Conrad Sewell",2016,1I8tHoNBFTuoJAlh4hfVVE,electronic
Fight Song,Rachel Platten,2016,37f4ITSlgPX81ad2EvmVQr,pop
Hear Me Now,"Alok, Zeeba, Bruno Martini",2016,39cmB3ZoTOLwOTq7tMNqKa,electronic
Middle,"DJ Snake, Bipolar Sunshine",2016,0g5EKLgdKvNlln7TNqBByK,electronic
"Sex, Drugs, Etc.",Beach Weather,2016,7DbdUf8aHSYoliSjO6LZv6,rock
Still Think About You,A Boogie Wit da Hoodie,2016,2FTeQQ5Rg9tBpgpTF5mnhE,hip-hop
C√≥mo Te Atreves,Morat,2016,7M6CFruBrM5x7u0lTMtm6r,latin
Go Flex,Post Malone,2016,5yuShbu70mtHXY0yLzCQLQ,hip-hop
Me Ama Me Odia,"Revol, Ozuna, Cosculluela, Arc√°ngel, Brytiago",2016,6TZXBJLTIOX6DM6hwCsKw2,hip-hop
Diablita (feat. Anuel AA & Baby Rasta),"Trap Capos, Noriel, Anuel AA, Baby Rasta",2016,62NeZ2Vtrz5HgtQibleMNs,hip-hop
Rockabye (feat. Sean Paul & Anne-Marie),"Clean Bandit, Sean Paul, Anne-Marie",2016,5knuzwU65gJK7IF5yJsuaW,pop
Stay With Me,"CHANYEOL, Punch",2016,1HYzRuWjmS9LXCkdVHi25K,korean
Tu Me Enamoraste - Remix,"Lary Over, Anuel, Bryant Myers, Almighty, Brytiago",2016,7b6QP0Pz2sqyW7yyXodpm6,hip-hop
Alone,Marshmello,2016,3MEYFivt6bilQ9q9mFWZ4g,electronic
Neighbors,J. Cole,2016,0utlOiJy2weVl9WTkcEWHy,hip-hop
No Heart,"21 Savage, Metro Boomin",2016,4gmmRb6bZJffOOiww1JGTO,arabic
The Night We Met,Lord Huron,2015,3hRV0jL3vUpRrcy398teAU,pop
Sorry,Justin Bieber,2015,09CtPGIpYB4BrO8qb1RGsF,pop
Borro Cassette,Maluma,2015,6DUdDIRgLqCGq1DwkNWQTN,latin
Stitches,Shawn Mendes,2015,5jsw9uXEGuKyJzs0boZ1bT,pop
Cheerleader (Felix Jaehn Remix) - Radio Edit,"OMI, Felix Jaehn",2015,7vFoFDWqTX0mHzLfrF1Cfy,electronic
Ride,Twenty One Pilots,2015,2Z8WuEywRWYTKe1NybPQEW,rock
What Do You Mean?,Justin Bieber,2015,4B0JvthVoAAuygILe3n4Bs,pop
Like I'm Gonna Lose You (feat. John Legend),"Meghan Trainor, John Legend",2015,2YlZnw2ikdb837oKMKjBkW,pop
Sugar (feat. Francesco Yates),"Robin Schulz, Francesco Yates",2015,5tf1VVWniHgryyumXyJM7w,"electronic, pop"
Waiting For Love,Avicii,2015,2P4OICZRVAQcYAV2JReRfj,"electronic, pop"
Lean On (feat. M√ò & DJ Snake),"Major Lazer, M√ò, DJ Snake",2015,2YWjW3wwQIBLNhxWKBQd16,pop
Est-ce que tu m'aimes ? - Pilule bleue,GIMS,2015,3a9TMd2Yrza6HXqqlfMtfy,electronic
Runaway (U & I),Galantis,2015,46lFttIf5hnUZMGvjK0Wxo,electronic
Sleeping on the Blacktop,Colter Wall,2015,6fhgO6p9DsTyHqPctyzDkV,folk
Dark Beach,Pastel Ghost,2015,7fqjWHXf330QwnfaAWB2Dr,electronic
Don't Worry (with Ray Dalton) - Radio Edit,"Madcon, Ray Dalton",2015,63CSozvYUEudPp12679UVF,pop
King,Olly Alexander (Years & Years),2015,3AeicLnm55RqcXGBKYQolM,"electronic, pop"
Jukebox Joints (feat. Joe Fox & Kanye West),"A$AP Rocky, Joe Fox, Kanye West",2015,2gAGWaK4wvt2xrFUlR4mK8,hip-hop
Weekend (feat. Miguel),"Mac Miller, Miguel",2015,6GnhWMhgJb7uyiiPEiEkDA,hip-hop
Maria I'm Drunk (feat. Justin Bieber & Young Thug),"Travis Scott, Justin Bieber, Young Thug",2015,6Yqmv7XJLCrQEauMbPGZSw,hip-hop
Roses,"The Chainsmokers, ROZES",2015,3vv9phIu6Y1vX3jcqaGz5Z,electronic
idfc,blackbear,2015,3SErMoIKdRELto2OspGs5L,ambient
Agar Tum Saath Ho,"Alka Yagnik, Arijit Singh",2015,3hkC9EHFZNQPXrtl8WPHnX,indian
Heroes (we could be),"Alesso, Tove Lo",2015,3zU9rdflI65tK4dkkNSp77,"electronic, pop"
Rise Up,Andra Day,2015,0tV8pOpiNsKqUys0ilUcXz,pop
The Devil Wears a Suit and Tie,Colter Wall,2015,43UV5Uk0ntzH6MP8Rx1RKh,folk
Chandelier,Sia,2015,2s1sdSqGcKxpPr5lCl7jAV,pop
Iris,Pastel Ghost,2015,4t9vB7wIKWE5jIhjcztmmd,electronic
Night Changes,One Direction,2014,5O2P9iiztwhomNh8xkR9lJ,pop
Photograph,Ed Sheeran,2014,1HNkqx9Ahdgi1Ixy2xkKkL,pop
Maps,Maroon 5,2014,4gbVRS8gloEluzf0GzDOFc,pop
Shut Up and Dance,WALK THE MOON,2014,4kbj5MwxO1bq9wjT5g9HaA,pop
Outside (feat. Ellie Goulding),"Calvin Harris, Ellie Goulding",2014,7MmG8p0F9N3C4AXdK6o6Eb,"electronic, pop"
Santa Tell Me,Ariana Grande,2014,0lizgQ7Qw35od7CYaoMBZb,pop
The Nights,Avicii,2014,0ct6r3EGTcMLPtrXHDvVjc,"electronic, pop"
Time of Our Lives,"Pitbull, Ne-Yo",2014,2bJvI42r8EF3wxjOuDav4r,pop
Summer,Calvin Harris,2014,6YUTL4dYpB9xZO5qExPf05,"electronic, pop"
Take Me To Church,Hozier,2014,3dYD57lRAUcMHufyqn9GcI,ambient
Thinking out Loud,Ed Sheeran,2014,34gCuhDGsG4bRPIf9bb02f,pop
Riptide,Vance Joy,2014,2uXlHCUbq9OMUwx3hrk06o,"electronic, folk, pop"
Brooklyn Baby,Lana Del Rey,2014,1NZs6n6hl8UuMaX0UC0YTz,ambient
Blame (feat. John Newman),"Calvin Harris, John Newman",2014,07nH4ifBxUB4lZcsf44Brn,"electronic, pop"
Shake It Off,Taylor Swift,2014,0cqRj7pUJDkTCEsJkx8snD,pop
Sugar,Maroon 5,2014,2iuZJX9X9P0GKaE93xcPjk,pop
Best Day Of My Life,American Authors,2014,5Hroj5K7vLpIG4FNCRIjbP,pop
Derni√®re danse,Indila,2014,65uoaqX5qcjXZRheAj1qQT,electronic
Work Song,Hozier,2014,5TgEJ62DOzBpGxZ7WRsrqb,"ambient, folk"
Under Control (feat. Hurts),"Calvin Harris, Alesso, Hurts",2014,4J7CKHCF3mdL4diUsmW8lq,"electronic, pop"
Break Free,"Ariana Grande, Zedd",2014,12KUFSHFgT0XCoiSlvdQi4,pop
Dancin (feat. Luvli) - Krono Remix,"Aaron Smith, Krono, Luvli",2014,6WkJ2OK163XXS2oARUC9JM,electronic
Waves - Robin Schulz Radio Edit,"Mr. Probz, Robin Schulz",2014,1HFfMOxCAT4GAwaPfCdmUs,electronic
Love Story,Indila,2014,6nGeLlakfzlBcFdZXteDq7,electronic
"Hey Mama (feat. Nicki Minaj, Bebe Rexha & Afrojack)","David Guetta, AFROJACK, Bebe Rexha, Nicki Minaj",2014,285HeuLxsngjFn4GGegGNm,electronic
Love Yourz,J. Cole,2014,2e3Ea0o24lReQFR4FA7yXH,hip-hop
Ay Vamos,J Balvin,2014,6Ges5C2IE738iJh4HyQizQ,latin
Like Real People Do,Hozier,2014,57V4uc2b2diZ4RPHXWecb9,ambient
Rather Be (feat. Jess Glynne),"Clean Bandit, Jess Glynne",2014,61dCUoMCg28qEBzrW6htYM,electronic
Counting Stars,OneRepublic,2014,6sy3LkhNFjJWlaeSMNwQ62,pop
Drunk in Love (feat. Jay-Z),"Beyonc√©, JAY-Z",2014,6jG2YzhxptolDzLHTGLt7S,blues
I'm an Albatraoz,"AronChupa, Little Sis Nora",2014,5MhsZlmKJG6X5kTHkdwC4B,electronic
My Demons,STARSET,2014,3Xfg7AegXaDLoD5GOUMf2e,rock
Cherry Wine - Live,Hozier,2014,1C042FLYy7rP3MfnkOcnha,ambient
Resonance,Home,2014,4E1Zf6j2VSoRPiVBnUCjat,electronic
I Wanna Be Yours,Arctic Monkeys,2013,5XeFesFbtLpXzIVDNQP22n,pop
Sweater Weather,The Neighbourhood,2013,2QjOHCTQ1Jl3zawyYOpxh6,pop
Another Love,Tom Odell,2013,3JvKfv6T31zO0ini8iNItO,pop
Story of My Life,One Direction,2013,4nVBt6MZDDP6tRVdQTgxJg,pop
Do I Wanna Know?,Arctic Monkeys,2013,5FVd6KXrgO9B3JPmC8OPst,rock
All of Me,John Legend,2013,3U4isOIWM3VvDubwSI3y7a,pop
Break from Toronto,PARTYNEXTDOOR,2013,5fEB6ZmVkg63GZg9qO86jh,hip-hop
Wake Me Up,Avicii,2013,0nrRP2bk19rLc0orkWPQk2,pop
Young And Beautiful,Lana Del Rey,2013,2nMeu6UenVvwUktBCpLMK9,ambient
Latch,"Disclosure, Sam Smith",2013,51ODNNDZm21HU7wI7cccRr,pop
Still into You,Paramore,2013,1yjY7rpaAQvKwpdUliHx0d,punk
Wrecking Ball,Miley Cyrus,2013,2vwlzO0Qp8kfEtzTsCXfyE,pop
Get Lucky (Radio Edit) [feat. Pharrell Williams and Nile Rodgers],"Daft Punk, Pharrell Williams, Nile Rodgers",2013,2Foc5Q5nqNiosCNqttzHof,"electronic, pop"
Royals,Lorde,2013,2dLLR6qlu5UJ5gk0dKz0h3,pop
Scream & Shout,"will.i.am, Britney Spears",2013,2iJuuzV8P9Yz0VSurttIV5,electronic
Experience,"Ludovico Einaudi, Daniel Hope, I Virtuosi Italiani",2013,1BncfTJAWxrsxyT9culBrj,classical
Hail to the King,Avenged Sevenfold,2013,5anCkDvJ17aznvK5TED5uo,metal
Stay Ready (What A Life),"Jhen√© Aiko, Kendrick Lamar",2013,5nkUIVKqOqdpB6ApKgEMkv,r&b
Instant Crush (feat. Julian Casablancas),"Daft Punk, Julian Casablancas",2013,2cGxRwrMyEAp8dEbuZaVv6,rock
Blurred Lines,"Robin Thicke, T.I., Pharrell Williams",2013,0n4bITAu0Y0nigrz3MFJMb,pop
Summertime Sadness (Lana Del Rey Vs. Cedric Gervais) - Cedric Gervais Remix,"Lana Del Rey, Cedric Gervais",2013,6PUIzlqotEmPuBfjbwYWOB,"electronic, pop"
Ain't It Fun,Paramore,2013,1j8z4TTjJ1YOdoFEDwJTQa,punk
I Love It (feat. Charli XCX),"Icona Pop, Charli xcx",2013,2U8NXPTXZWG2O0ye2sYRiH,electronic
Formidable,Stromae,2013,2AMysGXOe0zzZJMtH3Nizb,electronic
Papaoutai,Stromae,2013,34dx8DACTJsc3rsJdaEIQw,electronic
This Is What It Feels Like,"Armin van Buuren, Trevor Guthrie",2013,5GjnIpUlLGEIYk052ISOw9,electronic
You & Me - Flume Remix,"Disclosure, Eliza Doolittle, Flume",2013,3W2ZcrRsInZbjWylOi6KhZ,electronic
6:00 AM,"J Balvin, Farruko",2013,3uvypVUsiIr1B0BccIcsEh,latin
Tous les m√™mes,Stromae,2013,6M4nkEPZMj58acftDRTuKL,electronic
Locked out of Heaven,Bruno Mars,2012,3w3y8KPTfNeOKPiqUTakBh,pop
When I Was Your Man,Bruno Mars,2012,0nJW01T7XtvILxQgC5J7Wh,pop
Skyfall,Adele,2012,6VObnIkLVruX4UVyxWhlqm,pop
Just Give Me a Reason (feat. Nate Ruess),"P!nk, Nate Ruess",2012,1mKXFLRA179hdOWQBwUk9e,pop
Timber,"Pitbull, Kesha",2012,3cHyrEgdyYRjgJKSOiOtcS,"electronic, pop"
Call Me Maybe,Carly Rae Jepsen,2012,20I6sIOMTCkB6w7ryavxtO,pop
Titanium (feat. Sia),"David Guetta, Sia",2012,0TDLuuLlV54CkRRUOahJb4,"electronic, pop"
Try,P!nk,2012,1jF7IL57ayN4Ity3jQqGu0,pop
Don't You Worry Child - Radio Edit,"Swedish House Mafia, John Martin",2012,2V65y3PX4DkRhy1djlxd9p,pop
Feel This Moment (feat. Christina Aguilera),"Pitbull, Christina Aguilera",2012,0Hf4aIJpsN4Os2f0y0VqWl,pop
Love Sosa,Chief Keef,2012,01Lr5YepbgjXAWR9iOEyH1,hip-hop
Wild Ones (feat. Sia),"Flo Rida, Sia",2012,1NpW5kyvO4XrNJ3rnfcNy3,"electronic, pop"
BURN IT DOWN,Linkin Park,2012,7oVEtyuv9NBmnytsCIsY5I,rock
Can't Hold Us (feat. Ray Dalton),"Macklemore, Ryan Lewis, Macklemore & Ryan Lewis, Ray Dalton",2012,3bidbhpOYeV4knp8AIu8Xn,pop
Good Feeling,Flo Rida,2012,2LEF1A8DOZ9wRYikWgVlZ8,pop
Starships,Nicki Minaj,2012,2EBCVPNAG46nbgs6jXPGvv,pop
Good Time,"Owl City, Carly Rae Jepsen",2012,1kPpge9JDLpcj15qgrPbYX,pop
King For A Day,"Pierce The Veil, Kellin Quinn",2012,1IT0WQk5J8NsaeII8ktdlZ,punk
CASTLE OF GLASS,Linkin Park,2012,1r1fPuhj9H4VdXr7OK6FL5,rock
Girl on Fire,Alicia Keys,2012,4esOae7i4rqTbAu9o5Pxco,pop
Stubborn Love,The Lumineers,2012,4wG82w1L31yQhgGiWt6gIb,folk
Wide Awake,Katy Perry,2012,5JLv62qFIS1DR3zGEcApRt,pop
Clarity,"Zedd, Foxes",2012,60wwxj6Dd9NJlirf84wr2c,electronic
Demons,Imagine Dragons,2012,3LlAyCYU26dvFZBDUIMb7a,pop
Gangnam Style (Í∞ïÎÇ®Ïä§ÌÉÄÏùº),PSY,2012,03UrZgTINDqvnUMbbIMhql,pop
Get Up (Rattle) [feat. Far East Movement] - Vocal Edit,"Bingo Players, Far East Movement",2012,3wLPRjw2XQpmowqXUXb3UF,pop
Where Them Girls At (feat. Nicki Minaj & Flo Rida),"David Guetta, Flo Rida, Nicki Minaj",2012,7ks6AZmFcm3Y6PGGxGSmlB,pop
Play Hard (feat. Ne-Yo & Akon),"David Guetta, Ne-Yo, Akon",2012,5YPMEOJ58kfl56VHxTgwx3,electronic
We Are Young (feat. Janelle Mon√°e),"fun., Janelle Mon√°e",2012,7a86XRg84qjasly9f6bPSD,pop
Part Of Me,Katy Perry,2012,6yARPLK0PV4heEyh7pVMGz,pop
Adorn,Miguel,2012,5hJFhO9dvhJoDvUZZ9iWSw,r&b
Breezeblocks,alt-J,2012,3n69hLUdIsSa1WlRmjMZlW,rock
Bulls In The Bronx,Pierce The Veil,2012,23UoI3jlFiWdo5jadUYo69,punk
Righteous Minds,Joey Bada$$,2012,7dFGkZbmm6cVlI28bfMaWE,hip-hop
Give Me Everything (feat. Nayer),"Pitbull, AFROJACK, Ne-Yo, Nayer",2011,4QNpBfC0zvjKqPJcyqBy9W,"electronic, pop"
Paradise,Coldplay,2011,6nek1Nin9q48AVZcWs9e9D,pop
Stereo Hearts (feat. Adam Levine),"Gym Class Heroes, Adam Levine",2011,0qOnSQQF0yzuPWsXrQ9paz,pop
On The Floor,"Jennifer Lopez, Pitbull",2011,3C0nOe05EIt1390bVABLyN,"electronic, pop"
International Love (feat. Chris Brown),"Pitbull, Chris Brown",2011,62zFEHfAYl5kdHYOivj4BC,pop
Levels - Radio Edit,Avicii,2011,5UqCQaDshqbIk3pkhy4Pjg,pop
Glad You Came,The Wanted,2011,5yDL13y5giogKs2fSNf7sj,pop
We Found Love,"Rihanna, Calvin Harris",2011,0U10zFw4GlBacOy9VDGfGL,"electronic, pop"
Mirror,"Lil Wayne, Bruno Mars",2011,5hUYsaOyMY32yjRXeuQwGj,blues
Somebody That I Used To Know,"Gotye, Kimbra",2011,4wCmqSrbyCgxEXROQE6vtV,pop
Chammak Challo,"Akon, Hamsika Iyer",2011,0EH7sgeiFqDa3eS7ieW2zs,indian
Party Rock Anthem,"LMFAO, Lauren Bennett, GoonRock",2011,7mitXLIMCflkhZiD34uEQI,"electronic, pop"
Born This Way,Lady Gaga,2011,30XU4suKzCeoCK9YFzdufg,pop
What the Hell,Avril Lavigne,2011,2z4U9d5OAA4YLNXoCgioxo,punk
jar of hearts,Christina Perri,2011,0HZhYMZOcUzZKSFwPOti6m,pop
Just the Way You Are,Bruno Mars,2010,7BqBn9nzAq8spo5e7cZ0dJ,pop
Sure Thing,Miguel,2010,0JXXNGljqupsJaZsgSbMZV,"pop, r&b"
Je te laisserai des mots,Patrick Watson,2010,44A0o4jA8F2ZF03Zacwlwx,folk
Love The Way You Lie,"Eminem, Rihanna",2010,15JINEqzVMv3SvJTAXAKED,blues
TiK ToK,Kesha,2010,0HPD5WQqrq7wPWR7P7Dw1i,pop
Baby,"Justin Bieber, Ludacris",2010,6epn3r7S14KUqlReYr77hA,blues
DJ Got Us Fallin' In Love (feat. Pitbull),"USHER, Pitbull",2010,4356Typ82hUiFAynbLYbPn,pop
Girl With The Tattoo Enter.lewd,Miguel,2010,1eUGmzzvahJjOSWgDHuRlv,r&b
"Moves Like Jagger - Studio Recording From ""The Voice"" Performance","Maroon 5, Christina Aguilera",2010,7pYfyrMNPn3wtoCyqcTVoI,pop
Marry You,Bruno Mars,2010,6SKwQghsR8AISlxhcwyA9R,pop
Mientes,Camila,2010,5EhzE6HJaCcLFrf5rPqvpk,rock
Club Can't Handle Me (feat. David Guetta),"Flo Rida, David Guetta",2010,6ebkx7Q5tTxrCxKq4GYj0Y,"electronic, pop"
Devil In A New Dress,"Kanye West, Rick Ross",2010,1UGD3lW3tDmgZfAVDh6w7r,hip-hop
Hey Daddy (Daddy's Home),USHER,2010,030OCtLMrljNhp8OWHBWW3,r&b
Alors on danse - Radio Edit,Stromae,2010,2GYHyAoLWpkxLVa4oYTVko,"electronic, pop"
Nightcall,Kavinsky,2010,0U0ldCRmgCqhVvD6ksG63j,electronic
Teenage Dream,Katy Perry,2010,5jzKL4BDMClWqRguW5qZvh,pop
Dynamite,Taio Cruz,2010,2CEgGE6aESpnmtfiZwYlbV,"electronic, pop"
Time,Hans Zimmer,2010,6ZFbXIJkuI1dVNWvzJzown,classical
Nightmare,Avenged Sevenfold,2010,4UEo1b0wWrtHMC8bVqPiH8,metal
Muerte En Hawaii,Calle 13,2010,3kNVYo6BJE9AENxzokM9YC,world
Je veux,Zaz,2010,734dz1YaFITwawPpM25fSt,electronic
Na Na Na (Na Na Na Na Na Na Na Na Na),My Chemical Romance,2010,5BB0Jzw60KyfSTyjJqtely,punk
No Love,"Eminem, Lil Wayne",2010,7bHT9osSq1rwT2yaImzqCi,blues
